case,title,N,component,point,rms_error_mm,max_abs_error_mm,x_over_L_at_max_error,local_baseline_rms_mm,baseline_kind,spike_score,fem3d_component_peak_mm,flagged,severity,response
bending_legendre,Bending half-wave - Legendre,8,ux,center,0.00360461242454,0.006665309104,1,,none,,2.85296677847,False,,../output/bending_halfwave_v2_legendre_N08/response.txt
bending_legendre,Bending half-wave - Legendre,12,ux,center,0.00285482155601,0.005355072092,1,0.00336868531723,adjacent,0.847458663297,2.85296677847,False,,../output/bending_halfwave_v2_legendre_N12/response.txt
bending_legendre,Bending half-wave - Legendre,16,ux,center,0.00313275820992,0.005677175861,1,0.00308058946595,adjacent,1.01693466285,2.85296677847,False,,../output/bending_halfwave_v2_legendre_N16/response.txt
bending_legendre,Bending half-wave - Legendre,18,ux,center,0.00330635737589,0.006153814464,1,0.00310885248691,adjacent,1.06352983611,2.85296677847,False,,../output/bending_halfwave_v2_legendre_N18/response.txt
bending_legendre,Bending half-wave - Legendre,21,ux,center,0.00308494676389,0.00546364253473,0.9,0.00313275820992,previous_3,0.984738226562,2.85296677847,False,,../output/bending_halfwave_v2_legendre_N21/response.txt
bending_legendre,Bending half-wave - Legendre,8,ux,plus,0.00416694670309,0.00673791280286,0,,none,,2.85296677847,False,,../output/bending_halfwave_v2_legendre_N08/response.txt
bending_legendre,Bending half-wave - Legendre,12,ux,plus,0.00423739034423,0.00700678812186,0,0.00439850851975,adjacent,0.963369816199,2.85296677847,False,,../output/bending_halfwave_v2_legendre_N12/response.txt
bending_legendre,Bending half-wave - Legendre,16,ux,plus,0.00463007033642,0.00766826643053,0.05,0.00436693312359,adjacent,1.06025675351,2.85296677847,False,,../output/bending_halfwave_v2_legendre_N16/response.txt
bending_legendre,Bending half-wave - Legendre,18,ux,plus,0.00449647590295,0.00734980656386,0,0.00482451865368,adjacent,0.932005081901,2.85296677847,False,,../output/bending_halfwave_v2_legendre_N18/response.txt
bending_legendre,Bending half-wave - Legendre,21,ux,plus,0.00501896697093,0.0100863947369,0,0.00449647590295,previous_3,1.11620012633,2.85296677847,False,,../output/bending_halfwave_v2_legendre_N21/response.txt
bending_legendre,Bending half-wave - Legendre,8,ux,minus,0.00460082323797,0.0087789038611,0.95,,none,,2.85296677847,False,,../output/bending_halfwave_v2_legendre_N08/response.txt
bending_legendre,Bending half-wave - Legendre,12,ux,minus,0.00537980477329,0.0100061772081,0.95,0.00500494037107,adjacent,1.0748988748,2.85296677847,False,,../output/bending_halfwave_v2_legendre_N12/response.txt
bending_legendre,Bending half-wave - Legendre,16,ux,minus,0.00540905750417,0.0101133251607,1,0.00547331578146,adjacent,0.988259716804,2.85296677847,False,,../output/bending_halfwave_v2_legendre_N16/response.txt
bending_legendre,Bending half-wave - Legendre,18,ux,minus,0.00556682678964,0.0104316407491,0.95,0.00545927695115,adjacent,1.01970038147,2.85296677847,False,,../output/bending_halfwave_v2_legendre_N18/response.txt
bending_legendre,Bending half-wave - Legendre,21,ux,minus,0.00550949639813,0.0104534959372,0.9,0.00540905750417,previous_3,1.01856864969,2.85296677847,False,,../output/bending_halfwave_v2_legendre_N21/response.txt
bending_legendre,Bending half-wave - Legendre,8,ux,bottom_mid,0.00488842437928,0.00934934128457,0.95,,none,,2.85296677847,False,,../output/bending_halfwave_v2_legendre_N08/response.txt
bending_legendre,Bending half-wave - Legendre,12,ux,bottom_mid,0.00516445152239,0.00966907899557,0.95,0.0051963059489,adjacent,0.993869793885,2.85296677847,False,,../output/bending_halfwave_v2_legendre_N12/response.txt
bending_legendre,Bending half-wave - Legendre,16,ux,bottom_mid,0.00550418751851,0.0103121743646,0.95,0.00534387257794,adjacent,1.02999976856,2.85296677847,False,,../output/bending_halfwave_v2_legendre_N16/response.txt
bending_legendre,Bending half-wave - Legendre,18,ux,bottom_mid,0.00552329363349,0.0104814395604,1,0.00544235191394,adjacent,1.0148725626,2.85296677847,False,,../output/bending_halfwave_v2_legendre_N18/response.txt
bending_legendre,Bending half-wave - Legendre,21,ux,bottom_mid,0.00538051630937,0.0101669772686,0.95,0.00550418751851,previous_3,0.977531432437,2.85296677847,False,,../output/bending_halfwave_v2_legendre_N21/response.txt
bending_legendre,Bending half-wave - Legendre,8,uy,center,1.5642462175e-09,2.27935000097e-09,0.55,,none,,0.0361966649507,False,,../output/bending_halfwave_v2_legendre_N08/response.txt
bending_legendre,Bending half-wave - Legendre,12,uy,center,1.48961114896e-09,2.02309251996e-09,0.7,2.06200896702e-05,adjacent,7.22407696953e-05,0.0361966649507,False,,../output/bending_halfwave_v2_legendre_N12/response.txt
bending_legendre,Bending half-wave - Legendre,16,uy,center,4.12386150941e-05,8.14552830054e-05,0.85,1.74089183981e-05,adjacent,2.3688212071,0.0361966649507,False,,../output/bending_halfwave_v2_legendre_N16/response.txt
bending_legendre,Bending half-wave - Legendre,18,uy,center,3.48163471851e-05,6.3811843195e-05,0.8,0.00101475429644,adjacent,0.0343101254237,0.0361966649507,False,,../output/bending_halfwave_v2_legendre_N18/response.txt
bending_legendre,Bending half-wave - Legendre,21,uy,center,0.00198826997778,0.00319940948394,0.6,3.48163471851e-05,previous_3,57.107368766,0.0361966649507,True,HIGH,../output/bending_halfwave_v2_legendre_N21/response.txt
bending_legendre,Bending half-wave - Legendre,8,uy,plus,6.13448672526e-05,9.8842188766e-05,0.85,,none,,0.0361966649507,False,,../output/bending_halfwave_v2_legendre_N08/response.txt
bending_legendre,Bending half-wave - Legendre,12,uy,plus,6.53032751664e-05,0.000109480290741,0.8,5.7010750118e-05,adjacent,1.14545546289,0.0361966649507,False,,../output/bending_halfwave_v2_legendre_N12/response.txt
bending_legendre,Bending half-wave - Legendre,16,uy,plus,5.26766329834e-05,8.43743930367e-05,0.3,6.8674721655e-05,adjacent,0.767045453028,0.0361966649507,False,,../output/bending_halfwave_v2_legendre_N16/response.txt
bending_legendre,Bending half-wave - Legendre,18,uy,plus,7.20461681435e-05,0.000143671578887,0.3,0.000745700426393,adjacent,0.0966154310679,0.0361966649507,False,,../output/bending_halfwave_v2_legendre_N18/response.txt
bending_legendre,Bending half-wave - Legendre,21,uy,plus,0.0014387242198,0.00271329900853,0.2,6.53032751664e-05,previous_3,22.0314251642,0.0361966649507,True,HIGH,../output/bending_halfwave_v2_legendre_N21/response.txt
bending_legendre,Bending half-wave - Legendre,8,uy,minus,2.18819922026e-05,3.9761637744e-05,0.85,,none,,0.0361966649507,False,,../output/bending_halfwave_v2_legendre_N08/response.txt
bending_legendre,Bending half-wave - Legendre,12,uy,minus,2.28801103695e-05,4.3442676184e-05,0.85,5.6573007908e-05,adjacent,0.404435104576,0.0361966649507,False,,../output/bending_halfwave_v2_legendre_N12/response.txt
bending_legendre,Bending half-wave - Legendre,16,uy,minus,9.12640236133e-05,0.000206122994334,0.85,3.14586168401e-05,adjacent,2.90108189045,0.0361966649507,True,LOW,../output/bending_halfwave_v2_legendre_N16/response.txt
bending_legendre,Bending half-wave - Legendre,18,uy,minus,4.00371233108e-05,7.69063672312e-05,0.1,0.00236936264358,adjacent,0.0168978452578,0.0361966649507,False,,../output/bending_halfwave_v2_legendre_N18/response.txt
bending_legendre,Bending half-wave - Legendre,21,uy,minus,0.00464746126355,0.00761726897673,0.35,4.00371233108e-05,previous_3,116.078800854,0.0361966649507,True,HIGH,../output/bending_halfwave_v2_legendre_N21/response.txt
bending_legendre,Bending half-wave - Legendre,8,uy,bottom_mid,1.55861839266e-09,2.27449795715e-09,0.55,,none,,0.0361966649507,False,,../output/bending_halfwave_v2_legendre_N08/response.txt
bending_legendre,Bending half-wave - Legendre,12,uy,bottom_mid,1.47061679244e-09,2.18880093048e-09,0.8,3.89790603326e-05,adjacent,3.77283797992e-05,0.0361966649507,False,,../output/bending_halfwave_v2_legendre_N12/response.txt
bending_legendre,Bending half-wave - Legendre,16,uy,bottom_mid,7.79565620468e-05,0.000154441206237,0.85,3.21918400496e-05,adjacent,2.42162491882,0.0361966649507,False,,../output/bending_halfwave_v2_legendre_N16/response.txt
bending_legendre,Bending half-wave - Legendre,18,uy,bottom_mid,6.43822094824e-05,0.000116905872463,0.85,0.00183772934495,adjacent,0.0350335644687,0.0361966649507,False,,../output/bending_halfwave_v2_legendre_N18/response.txt
bending_legendre,Bending half-wave - Legendre,21,uy,bottom_mid,0.00359750212786,0.00575005223158,0.65,6.43822094824e-05,previous_3,55.8772703948,0.0361966649507,True,HIGH,../output/bending_halfwave_v2_legendre_N21/response.txt
bending_legendre,Bending half-wave - Legendre,8,uz,center,0.0144575001169,0.0204200237185,0.55,,none,,11.0977590903,False,,../output/bending_halfwave_v2_legendre_N08/response.txt
bending_legendre,Bending half-wave - Legendre,12,uz,center,0.0203473870409,0.0289252433685,0.55,0.0182078377258,adjacent,1.11750705094,11.0977590903,False,,../output/bending_halfwave_v2_legendre_N12/response.txt
bending_legendre,Bending half-wave - Legendre,16,uz,center,0.0219581753346,0.0313718113785,0.55,0.0215755662422,adjacent,1.01773344384,11.0977590903,False,,../output/bending_halfwave_v2_legendre_N16/response.txt
bending_legendre,Bending half-wave - Legendre,18,uz,center,0.0228037454435,0.0325219936685,0.55,0.0226469436278,adjacent,1.00692375176,11.0977590903,False,,../output/bending_halfwave_v2_legendre_N18/response.txt
bending_legendre,Bending half-wave - Legendre,21,uz,center,0.0233357119209,0.0328798801385,0.55,0.0219581753346,previous_3,1.06273456539,11.0977590903,False,,../output/bending_halfwave_v2_legendre_N21/response.txt
bending_legendre,Bending half-wave - Legendre,8,uz,plus,0.014516884483,0.020471243222,0.5,,none,,11.0977590903,False,,../output/bending_halfwave_v2_legendre_N08/response.txt
bending_legendre,Bending half-wave - Legendre,12,uz,plus,0.020378106583,0.0289403101382,0.55,0.0182400209449,adjacent,1.11721947275,11.0977590903,False,,../output/bending_halfwave_v2_legendre_N12/response.txt
bending_legendre,Bending half-wave - Legendre,16,uz,plus,0.0219631574069,0.0313411628482,0.55,0.0216348892246,adjacent,1.01517309282,11.0977590903,False,,../output/bending_halfwave_v2_legendre_N16/response.txt
bending_legendre,Bending half-wave - Legendre,18,uz,plus,0.0228916718662,0.0326090543582,0.55,0.023539971307,adjacent,0.972459633346,11.0977590903,False,,../output/bending_halfwave_v2_legendre_N18/response.txt
bending_legendre,Bending half-wave - Legendre,21,uz,plus,0.0251167852071,0.036366597022,0.5,0.0219631574069,previous_3,1.14358717837,11.0977590903,False,,../output/bending_halfwave_v2_legendre_N21/response.txt
bending_legendre,Bending half-wave - Legendre,8,uz,minus,0.0143426013536,0.0202574962463,0.55,,none,,11.0977590903,False,,../output/bending_halfwave_v2_legendre_N08/response.txt
bending_legendre,Bending half-wave - Legendre,12,uz,minus,0.0202043313214,0.0287251420163,0.55,0.0180779198265,adjacent,1.11762478843,11.0977590903,False,,../output/bending_halfwave_v2_legendre_N12/response.txt
bending_legendre,Bending half-wave - Legendre,16,uz,minus,0.0218132382995,0.0311320401363,0.55,0.0214825963146,adjacent,1.0153911557,11.0977590903,False,,../output/bending_halfwave_v2_legendre_N16/response.txt
bending_legendre,Bending half-wave - Legendre,18,uz,minus,0.0227608613078,0.0325346198863,0.55,0.0219326271126,adjacent,1.03776265337,11.0977590903,False,,../output/bending_halfwave_v2_legendre_N18/response.txt
bending_legendre,Bending half-wave - Legendre,21,uz,minus,0.0220520159257,0.033025657685,0.5,0.0218132382995,previous_3,1.01094645476,11.0977590903,False,,../output/bending_halfwave_v2_legendre_N21/response.txt
bending_legendre,Bending half-wave - Legendre,8,uz,bottom_mid,0.0143458053479,0.0202603108583,0.55,,none,,11.0977590903,False,,../output/bending_halfwave_v2_legendre_N08/response.txt
bending_legendre,Bending half-wave - Legendre,12,uz,bottom_mid,0.0202197521629,0.0287469572983,0.55,0.0180937622159,adjacent,1.11749850151,11.0977590903,False,,../output/bending_halfwave_v2_legendre_N12/response.txt
bending_legendre,Bending half-wave - Legendre,16,uz,bottom_mid,0.0218417190838,0.0312071906183,0.55,0.0214610766662,adjacent,1.01773640826,11.0977590903,False,,../output/bending_halfwave_v2_legendre_N16/response.txt
bending_legendre,Bending half-wave - Legendre,18,uz,bottom_mid,0.0227024011695,0.0323194903683,0.55,0.0226172582238,adjacent,1.00376451225,11.0977590903,False,,../output/bending_halfwave_v2_legendre_N18/response.txt
bending_legendre,Bending half-wave - Legendre,21,uz,bottom_mid,0.0233927973639,0.0333107387783,0.55,0.0218417190838,previous_3,1.07101447803,11.0977590903,False,,../output/bending_halfwave_v2_legendre_N21/response.txt
bending_lagrange,Bending half-wave - Lagrange,8,ux,center,0.00361299929073,0.006681812307,1,,none,,2.85296677847,False,,../output/bending_halfwave_v2_lagrange_N08/response.txt
bending_lagrange,Bending half-wave - Lagrange,12,ux,center,0.00285223568632,0.005351189439,1,0.0034378060777,adjacent,0.829667416328,2.85296677847,False,,../output/bending_halfwave_v2_lagrange_N12/response.txt
bending_lagrange,Bending half-wave - Lagrange,16,ux,center,0.00326261286467,0.00574171275659,0.95,0.00305021883714,adjacent,1.06963238996,2.85296677847,False,,../output/bending_halfwave_v2_lagrange_N16/response.txt
bending_lagrange,Bending half-wave - Lagrange,18,ux,center,0.00324820198795,0.00595032159459,0.95,0.00313858715843,adjacent,1.03492489582,2.85296677847,False,,../output/bending_halfwave_v2_lagrange_N18/response.txt
bending_lagrange,Bending half-wave - Lagrange,21,ux,center,0.0030145614522,0.005715405649,1,0.00324820198795,previous_3,0.928070810675,2.85296677847,False,,../output/bending_halfwave_v2_lagrange_N21/response.txt
bending_lagrange,Bending half-wave - Lagrange,8,ux,plus,0.00415922536801,0.00672381317586,0,,none,,2.85296677847,False,,../output/bending_halfwave_v2_lagrange_N08/response.txt
bending_lagrange,Bending half-wave - Lagrange,12,ux,plus,0.00423665152925,0.00700617752986,0,0.00443328159033,adjacent,0.955646836982,2.85296677847,False,,../output/bending_halfwave_v2_lagrange_N12/response.txt
bending_lagrange,Bending half-wave - Lagrange,16,ux,plus,0.00470733781264,0.00788487284453,0.05,0.00436309296322,adjacent,1.07889926993,2.85296677847,False,,../output/bending_halfwave_v2_lagrange_N16/response.txt
bending_lagrange,Bending half-wave - Lagrange,18,ux,plus,0.00448953439719,0.00770580886886,0,0.00457780943124,adjacent,0.980716752112,2.85296677847,False,,../output/bending_halfwave_v2_lagrange_N18/response.txt
bending_lagrange,Bending half-wave - Lagrange,21,ux,plus,0.00444828104984,0.00732934894953,0.05,0.00448953439719,previous_3,0.990811219226,2.85296677847,False,,../output/bending_halfwave_v2_lagrange_N21/response.txt
bending_lagrange,Bending half-wave - Lagrange,8,ux,minus,0.00460247916919,0.0087805669911,0.95,,none,,2.85296677847,False,,../output/bending_halfwave_v2_lagrange_N08/response.txt
bending_lagrange,Bending half-wave - Lagrange,12,ux,minus,0.00538348155921,0.0100091421271,0.95,0.00501982315123,adjacent,1.07244446607,2.85296677847,False,,../output/bending_halfwave_v2_lagrange_N12/response.txt
bending_lagrange,Bending half-wave - Lagrange,16,ux,minus,0.00543716713327,0.0107171678697,1,0.00540528802731,adjacent,1.00589776267,2.85296677847,False,,../output/bending_halfwave_v2_lagrange_N16/response.txt
bending_lagrange,Bending half-wave - Lagrange,18,ux,minus,0.0054270944954,0.0101671503631,0.95,0.00546403591434,adjacent,0.993239169817,2.85296677847,False,,../output/bending_halfwave_v2_lagrange_N18/response.txt
bending_lagrange,Bending half-wave - Lagrange,21,ux,minus,0.0054909046954,0.0102519584717,1,0.0054270944954,previous_3,1.01175770941,2.85296677847,False,,../output/bending_halfwave_v2_lagrange_N21/response.txt
bending_lagrange,Bending half-wave - Lagrange,8,ux,bottom_mid,0.00490693226645,0.00938455956457,0.95,,none,,2.85296677847,False,,../output/bending_halfwave_v2_lagrange_N08/response.txt
bending_lagrange,Bending half-wave - Lagrange,12,ux,bottom_mid,0.00516959385305,0.00967471858957,0.95,0.00518688924739,adjacent,0.996665555495,2.85296677847,False,,../output/bending_halfwave_v2_lagrange_N12/response.txt
bending_lagrange,Bending half-wave - Lagrange,16,ux,bottom_mid,0.00546684622834,0.0102158610676,0.95,0.00532398724977,adjacent,1.02683308052,2.85296677847,False,,../output/bending_halfwave_v2_lagrange_N16/response.txt
bending_lagrange,Bending half-wave - Lagrange,18,ux,bottom_mid,0.00547838064649,0.0102690922406,0.95,0.0054740784241,adjacent,1.00078592633,2.85296677847,False,,../output/bending_halfwave_v2_lagrange_N18/response.txt
bending_lagrange,Bending half-wave - Lagrange,21,ux,bottom_mid,0.00548131061986,0.0101450393796,0.95,0.00546684622834,previous_3,1.00264583837,2.85296677847,False,,../output/bending_halfwave_v2_lagrange_N21/response.txt
bending_lagrange,Bending half-wave - Lagrange,8,uy,center,1.59334936129e-09,2.32114012136e-09,0.55,,none,,0.0361966649507,False,,../output/bending_halfwave_v2_lagrange_N08/response.txt
bending_lagrange,Bending half-wave - Lagrange,12,uy,center,2.4867485169e-07,4.28557329922e-07,0.75,0.000173612384654,adjacent,0.00143235663853,0.0361966649507,False,,../output/bending_halfwave_v2_lagrange_N12/response.txt
bending_lagrange,Bending half-wave - Lagrange,16,uy,center,0.000347223175959,0.000577628468454,0.55,2.73619459494e-05,adjacent,12.6900029918,0.0361966649507,True,HIGH,../output/bending_halfwave_v2_lagrange_N16/response.txt
bending_lagrange,Bending half-wave - Lagrange,18,uy,center,5.44752170471e-05,0.000104766739832,0.3,0.000229378392324,adjacent,0.237490621916,0.0361966649507,False,,../output/bending_halfwave_v2_lagrange_N18/response.txt
bending_lagrange,Bending half-wave - Lagrange,21,uy,center,0.000111533608689,0.000205780561821,0.35,5.44752170471e-05,previous_3,2.04741926209,0.0361966649507,False,,../output/bending_halfwave_v2_lagrange_N21/response.txt
bending_lagrange,Bending half-wave - Lagrange,8,uy,plus,5.97518545258e-05,9.8870900976e-05,0.85,,none,,0.0361966649507,False,,../output/bending_halfwave_v2_lagrange_N08/response.txt
bending_lagrange,Bending half-wave - Lagrange,12,uy,plus,6.51631241402e-05,0.000109590296041,0.8,8.42629504117e-05,adjacent,0.773330672874,0.0361966649507,False,,../output/bending_halfwave_v2_lagrange_N12/response.txt
bending_lagrange,Bending half-wave - Lagrange,16,uy,plus,0.000108774046298,0.00023745713808,0.7,7.28788209352e-05,adjacent,1.49253301442,0.0361966649507,False,,../output/bending_halfwave_v2_lagrange_N16/response.txt
bending_lagrange,Bending half-wave - Lagrange,18,uy,plus,8.05945177303e-05,0.000146329186225,0.4,0.000182502800927,adjacent,0.4416070182,0.0361966649507,False,,../output/bending_halfwave_v2_lagrange_N18/response.txt
bending_lagrange,Bending half-wave - Lagrange,21,uy,plus,0.000256231555556,0.000691029323308,0.05,8.05945177303e-05,previous_3,3.17926780595,0.0361966649507,True,LOW,../output/bending_halfwave_v2_lagrange_N21/response.txt
bending_lagrange,Bending half-wave - Lagrange,8,uy,minus,2.59196183488e-05,4.0166460938e-05,0.45,,none,,0.0361966649507,False,,../output/bending_halfwave_v2_lagrange_N08/response.txt
bending_lagrange,Bending half-wave - Lagrange,12,uy,minus,2.12988520881e-05,4.2814124114e-05,0.85,0.000356454685922,adjacent,0.0597519205926,0.0361966649507,False,,../output/bending_halfwave_v2_lagrange_N12/response.txt
bending_lagrange,Bending half-wave - Lagrange,16,uy,minus,0.000686989753495,0.00115615047194,0.4,9.86666999983e-05,adjacent,6.96273163598,0.0361966649507,True,MEDIUM,../output/bending_halfwave_v2_lagrange_N16/response.txt
bending_lagrange,Bending half-wave - Lagrange,18,uy,minus,0.000176034547908,0.000401378435091,0.2,0.00044901839486,adjacent,0.392043065325,0.0361966649507,False,,../output/bending_halfwave_v2_lagrange_N18/response.txt
bending_lagrange,Bending half-wave - Lagrange,21,uy,minus,0.000211047036225,0.00061871488353,0.1,0.000176034547908,previous_3,1.19889555052,0.0361966649507,False,,../output/bending_halfwave_v2_lagrange_N21/response.txt
bending_lagrange,Bending half-wave - Lagrange,8,uy,bottom_mid,1.59050590258e-09,2.32071787811e-09,0.55,,none,,0.0361966649507,False,,../output/bending_halfwave_v2_lagrange_N08/response.txt
bending_lagrange,Bending half-wave - Lagrange,12,uy,bottom_mid,4.50700041273e-07,7.62363340692e-07,0.75,0.000309092374282,adjacent,0.0014581402803,0.0361966649507,False,,../output/bending_halfwave_v2_lagrange_N12/response.txt
bending_lagrange,Bending half-wave - Lagrange,16,uy,bottom_mid,0.000618183158057,0.0010192736463,0.55,6.46626083411e-05,adjacent,9.56013334316,0.0361966649507,True,HIGH,../output/bending_halfwave_v2_lagrange_N16/response.txt
bending_lagrange,Bending half-wave - Lagrange,18,uy,bottom_mid,0.000128874516641,0.000192351463536,0.4,0.000422251200187,adjacent,0.305208171306,0.0361966649507,False,,../output/bending_halfwave_v2_lagrange_N18/response.txt
bending_lagrange,Bending half-wave - Lagrange,21,uy,bottom_mid,0.000226319242317,0.000412396248736,0.45,0.000128874516641,previous_3,1.75612097889,0.0361966649507,False,,../output/bending_halfwave_v2_lagrange_N21/response.txt
bending_lagrange,Bending half-wave - Lagrange,8,uz,center,0.0144945420866,0.0204741345685,0.55,,none,,11.0977590903,False,,../output/bending_halfwave_v2_lagrange_N08/response.txt
bending_lagrange,Bending half-wave - Lagrange,12,uz,center,0.0203748223012,0.0289648948985,0.55,0.0182932182646,adjacent,1.11379102389,11.0977590903,False,,../output/bending_halfwave_v2_lagrange_N12/response.txt
bending_lagrange,Bending half-wave - Lagrange,16,uz,center,0.0220918944426,0.0316465136185,0.55,0.0215613610718,adjacent,1.02460574585,11.0977590903,False,,../output/bending_halfwave_v2_lagrange_N16/response.txt
bending_lagrange,Bending half-wave - Lagrange,18,uz,center,0.0227478998425,0.0324402205485,0.55,0.0227552917927,adjacent,0.999675154673,11.0977590903,False,,../output/bending_halfwave_v2_lagrange_N18/response.txt
bending_lagrange,Bending half-wave - Lagrange,21,uz,center,0.0234186891428,0.0334008626085,0.55,0.0220918944426,previous_3,1.06005798659,11.0977590903,False,,../output/bending_halfwave_v2_lagrange_N21/response.txt
bending_lagrange,Bending half-wave - Lagrange,8,uz,plus,0.0145493327548,0.020514744952,0.5,,none,,11.0977590903,False,,../output/bending_halfwave_v2_lagrange_N08/response.txt
bending_lagrange,Bending half-wave - Lagrange,12,uz,plus,0.020403280224,0.0289778737782,0.55,0.0182781267774,adjacent,1.11626757339,11.0977590903,False,,../output/bending_halfwave_v2_lagrange_N12/response.txt
bending_lagrange,Bending half-wave - Lagrange,16,uz,plus,0.0220069208,0.0314031993782,0.55,0.0215529547422,adjacent,1.02106282239,11.0977590903,False,,../output/bending_halfwave_v2_lagrange_N16/response.txt
bending_lagrange,Bending half-wave - Lagrange,18,uz,plus,0.0227026292605,0.0323654064182,0.55,0.0227720108308,adjacent,0.996953208445,11.0977590903,False,,../output/bending_halfwave_v2_lagrange_N18/response.txt
bending_lagrange,Bending half-wave - Lagrange,21,uz,plus,0.0235371008615,0.0332239162282,0.55,0.0220069208,previous_3,1.06953176573,11.0977590903,False,,../output/bending_halfwave_v2_lagrange_N21/response.txt
bending_lagrange,Bending half-wave - Lagrange,8,uz,minus,0.0143832100038,0.0203179184863,0.55,,none,,11.0977590903,False,,../output/bending_halfwave_v2_lagrange_N08/response.txt
bending_lagrange,Bending half-wave - Lagrange,12,uz,minus,0.0202307032397,0.0287634870363,0.55,0.0182506146623,adjacent,1.10849435014,11.0977590903,False,,../output/bending_halfwave_v2_lagrange_N12/response.txt
bending_lagrange,Bending half-wave - Lagrange,16,uz,minus,0.0221180193208,0.0314772724563,0.55,0.0214314330534,adjacent,1.03203641425,11.0977590903,False,,../output/bending_halfwave_v2_lagrange_N16/response.txt
bending_lagrange,Bending half-wave - Lagrange,18,uz,minus,0.0226321628671,0.0323274572563,0.55,0.0227710474768,adjacent,0.99390082473,11.0977590903,False,,../output/bending_halfwave_v2_lagrange_N18/response.txt
bending_lagrange,Bending half-wave - Lagrange,21,uz,minus,0.0234240756328,0.0335095381063,0.55,0.0221180193208,previous_3,1.0590494245,11.0977590903,False,,../output/bending_halfwave_v2_lagrange_N21/response.txt
bending_lagrange,Bending half-wave - Lagrange,8,uz,bottom_mid,0.0143808894734,0.0203106551783,0.55,,none,,11.0977590903,False,,../output/bending_halfwave_v2_lagrange_N08/response.txt
bending_lagrange,Bending half-wave - Lagrange,12,uz,bottom_mid,0.0202467329465,0.0287861097983,0.55,0.0181898315311,adjacent,1.11307973974,11.0977590903,False,,../output/bending_halfwave_v2_lagrange_N12/response.txt
bending_lagrange,Bending half-wave - Lagrange,16,uz,bottom_mid,0.0219987735887,0.0315266426983,0.55,0.0214522864796,adjacent,1.02547453902,11.0977590903,False,,../output/bending_halfwave_v2_lagrange_N16/response.txt
bending_lagrange,Bending half-wave - Lagrange,18,uz,bottom_mid,0.0226578400127,0.0322563770083,0.55,0.0226284612998,adjacent,1.00129830803,11.0977590903,False,,../output/bending_halfwave_v2_lagrange_N18/response.txt
bending_lagrange,Bending half-wave - Lagrange,21,uz,bottom_mid,0.0232581490109,0.0330944652283,0.55,0.0219987735887,previous_3,1.05724752869,11.0977590903,False,,../output/bending_halfwave_v2_lagrange_N21/response.txt
torsion_legendre,Torsion half-wave - Legendre,8,ux,center,2.10341767124e-07,4.69947380915e-07,1,,none,,0.00992870552879,False,,../output/torsion_halfwave_legendre_N08/response.txt
torsion_legendre,Torsion half-wave - Legendre,12,ux,center,1.62809060157e-07,4.26149520915e-07,1,2.99746295742e-07,adjacent,0.543156203994,0.00992870552879,False,,../output/torsion_halfwave_legendre_N12/response.txt
torsion_legendre,Torsion half-wave - Legendre,16,ux,center,3.8915082436e-07,8.31689794949e-07,0.85,8.26804012712e-07,adjacent,0.470668765968,0.00992870552879,False,,../output/torsion_halfwave_legendre_N16/response.txt
torsion_legendre,Torsion half-wave - Legendre,18,ux,center,1.49079896527e-06,4.46967306509e-06,1,1.9515542361e-05,adjacent,0.0763903425123,0.00992870552879,False,,../output/torsion_halfwave_legendre_N18/response.txt
torsion_legendre,Torsion half-wave - Legendre,21,ux,center,3.86419338976e-05,8.85695367059e-05,1,1.82528760007e-05,adjacent,2.11703261974,0.00992870552879,False,,../output/torsion_halfwave_legendre_N21/response.txt
torsion_legendre,Torsion half-wave - Legendre,22,ux,center,3.50149530361e-05,8.39466765684e-05,0.9,2.8043939331e-05,adjacent,1.2485746964,0.00992870552879,False,,../output/torsion_halfwave_legendre_N22/response.txt
torsion_legendre,Torsion half-wave - Legendre,23,ux,center,1.74459447645e-05,4.23121368129e-05,1,0.000112743154219,adjacent,0.154740612725,0.00992870552879,False,,../output/torsion_halfwave_legendre_N23/response.txt
torsion_legendre,Torsion half-wave - Legendre,24,ux,center,0.000190471355403,0.000263599275953,0.1,3.69219331886e-05,adjacent,5.15875900728,0.00992870552879,True,MEDIUM,../output/torsion_halfwave_legendre_N24/response.txt
torsion_legendre,Torsion half-wave - Legendre,25,ux,center,5.63979216127e-05,9.75590247021e-05,1,3.50149530361e-05,previous_3,1.6106810583,0.00992870552879,False,,../output/torsion_halfwave_legendre_N25/response.txt
torsion_legendre,Torsion half-wave - Legendre,8,ux,plus,0.000179106254559,0.000268750777526,0.6,,none,,0.00992870552879,False,,../output/torsion_halfwave_legendre_N08/response.txt
torsion_legendre,Torsion half-wave - Legendre,12,ux,plus,0.000125525199851,0.000235943469842,1,0.000165976259153,adjacent,0.756284064306,0.00992870552879,False,,../output/torsion_halfwave_legendre_N12/response.txt
torsion_legendre,Torsion half-wave - Legendre,16,ux,plus,0.000152846263747,0.000264583907795,0.25,0.000111755405944,adjacent,1.36768563861,0.00992870552879,False,,../output/torsion_halfwave_legendre_N16/response.txt
torsion_legendre,Torsion half-wave - Legendre,18,ux,plus,9.79856120376e-05,0.000171821852166,0.9,0.000142737897389,adjacent,0.686472295233,0.00992870552879,False,,../output/torsion_halfwave_legendre_N18/response.txt
torsion_legendre,Torsion half-wave - Legendre,21,ux,plus,0.000132629531031,0.000352625785266,0,0.000129930409638,adjacent,1.02077359258,0.00992870552879,False,,../output/torsion_halfwave_legendre_N21/response.txt
torsion_legendre,Torsion half-wave - Legendre,22,ux,plus,0.000161875207239,0.000593606737579,0,0.000125963968344,adjacent,1.2850913588,0.00992870552879,False,,../output/torsion_halfwave_legendre_N22/response.txt
torsion_legendre,Torsion half-wave - Legendre,23,ux,plus,0.000119298405657,0.000275460697637,0,0.000244265833281,adjacent,0.488395794265,0.00992870552879,False,,../output/torsion_halfwave_legendre_N23/response.txt
torsion_legendre,Torsion half-wave - Legendre,24,ux,plus,0.000326656459324,0.00114978429405,0,0.000125810002483,adjacent,2.59642677749,0.00992870552879,True,LOW,../output/torsion_halfwave_legendre_N24/response.txt
torsion_legendre,Torsion half-wave - Legendre,25,ux,plus,0.00013232159931,0.000451590449504,0,0.000161875207239,previous_3,0.817429682818,0.00992870552879,False,,../output/torsion_halfwave_legendre_N25/response.txt
torsion_legendre,Torsion half-wave - Legendre,8,ux,minus,0.00106996148286,0.00156876680316,0.95,,none,,0.00992870552879,False,,../output/torsion_halfwave_legendre_N08/response.txt
torsion_legendre,Torsion half-wave - Legendre,12,ux,minus,0.000360112327258,0.00055605795203,0.95,0.000665299406142,adjacent,0.541278594169,0.00992870552879,False,,../output/torsion_halfwave_legendre_N12/response.txt
torsion_legendre,Torsion half-wave - Legendre,16,ux,minus,0.000260637329429,0.000410336746069,0.95,0.000278407510079,adjacent,0.936172049939,0.00992870552879,False,,../output/torsion_halfwave_legendre_N16/response.txt
torsion_legendre,Torsion half-wave - Legendre,18,ux,minus,0.0001967026929,0.000340923809903,0.95,0.000226462246879,adjacent,0.868589337123,0.00992870552879,False,,../output/torsion_halfwave_legendre_N18/response.txt
torsion_legendre,Torsion half-wave - Legendre,21,ux,minus,0.000192287164329,0.000602951168412,0,0.000235720315867,adjacent,0.815742858742,0.00992870552879,False,,../output/torsion_halfwave_legendre_N21/response.txt
torsion_legendre,Torsion half-wave - Legendre,22,ux,minus,0.000274737938833,0.00102838413476,0,0.000217800301152,adjacent,1.26142129915,0.00992870552879,False,,../output/torsion_halfwave_legendre_N22/response.txt
torsion_legendre,Torsion half-wave - Legendre,23,ux,minus,0.000243313437975,0.000892737493239,0,0.000374859576969,adjacent,0.649078889601,0.00992870552879,False,,../output/torsion_halfwave_legendre_N23/response.txt
torsion_legendre,Torsion half-wave - Legendre,24,ux,minus,0.000474981215104,0.00176143031066,0,0.000213160680833,adjacent,2.22827781019,0.00992870552879,False,,../output/torsion_halfwave_legendre_N24/response.txt
torsion_legendre,Torsion half-wave - Legendre,25,ux,minus,0.00018300792369,0.000370599978566,0,0.000274737938833,previous_3,0.666118135949,0.00992870552879,False,,../output/torsion_halfwave_legendre_N25/response.txt
torsion_legendre,Torsion half-wave - Legendre,8,ux,bottom_mid,7.97062884597e-07,1.58757648197e-06,0.95,,none,,0.00992870552879,False,,../output/torsion_halfwave_legendre_N08/response.txt
torsion_legendre,Torsion half-wave - Legendre,12,ux,bottom_mid,1.15245092892e-06,1.9160184596e-06,1,1.24745751243e-06,adjacent,0.92383982415,0.00992870552879,False,,../output/torsion_halfwave_legendre_N12/response.txt
torsion_legendre,Torsion half-wave - Legendre,16,ux,bottom_mid,1.69785214027e-06,3.0442857346e-06,1,2.26305079693e-06,adjacent,0.750249239909,0.00992870552879,False,,../output/torsion_halfwave_legendre_N16/response.txt
torsion_legendre,Torsion half-wave - Legendre,18,ux,bottom_mid,3.37365066493e-06,9.7111979484e-06,1,3.49519771046e-05,adjacent,0.0965224557923,0.00992870552879,False,,../output/torsion_halfwave_legendre_N18/response.txt
torsion_legendre,Torsion half-wave - Legendre,21,ux,bottom_mid,6.82061020689e-05,0.000132539428957,0.3,4.22689344531e-05,adjacent,1.61362246178,0.00992870552879,False,,../output/torsion_halfwave_legendre_N21/response.txt
torsion_legendre,Torsion half-wave - Legendre,22,ux,bottom_mid,8.11642182413e-05,0.000244687918129,0.1,5.21084193251e-05,adjacent,1.55760276924,0.00992870552879,False,,../output/torsion_halfwave_legendre_N22/response.txt
torsion_legendre,Torsion half-wave - Legendre,23,ux,bottom_mid,3.60107365812e-05,0.000139430813112,0,0.000153595354355,adjacent,0.234451990637,0.00992870552879,False,,../output/torsion_halfwave_legendre_N23/response.txt
torsion_legendre,Torsion half-wave - Legendre,24,ux,bottom_mid,0.000226026490469,0.000370353787682,0.45,4.78256970105e-05,adjacent,4.72604697051,0.00992870552879,True,MEDIUM,../output/torsion_halfwave_legendre_N24/response.txt
torsion_legendre,Torsion half-wave - Legendre,25,ux,bottom_mid,5.96406574399e-05,0.000121681145551,0.4,8.11642182413e-05,previous_3,0.734814660108,0.00992870552879,False,,../output/torsion_halfwave_legendre_N25/response.txt
torsion_legendre,Torsion half-wave - Legendre,8,uy,center,0.0171423307164,0.0248670132744,0.55,,none,,0.27754090508,False,,../output/torsion_halfwave_legendre_N08/response.txt
torsion_legendre,Torsion half-wave - Legendre,12,uy,center,0.00723603610908,0.0104696596029,0.55,0.0108277295437,adjacent,0.668287481678,0.27754090508,False,,../output/torsion_halfwave_legendre_N12/response.txt
torsion_legendre,Torsion half-wave - Legendre,16,uy,center,0.00451312837111,0.00646197503245,0.55,0.00539710959666,adjacent,0.836212103957,0.27754090508,False,,../output/torsion_halfwave_legendre_N16/response.txt
torsion_legendre,Torsion half-wave - Legendre,18,uy,center,0.00355818308423,0.00510996953365,0.55,0.00367243073625,adjacent,0.968890454245,0.27754090508,False,,../output/torsion_halfwave_legendre_N18/response.txt
torsion_legendre,Torsion half-wave - Legendre,21,uy,center,0.0028317331014,0.00407718035945,0.55,0.0030531471329,adjacent,0.927480065041,0.27754090508,False,,../output/torsion_halfwave_legendre_N21/response.txt
torsion_legendre,Torsion half-wave - Legendre,22,uy,center,0.00254811118156,0.00361321043465,0.55,0.002612578159,adjacent,0.975324383227,0.27754090508,False,,../output/torsion_halfwave_legendre_N22/response.txt
torsion_legendre,Torsion half-wave - Legendre,23,uy,center,0.00239342321661,0.00342058824985,0.55,0.00229770531652,adjacent,1.04165804004,0.27754090508,False,,../output/torsion_halfwave_legendre_N23/response.txt
torsion_legendre,Torsion half-wave - Legendre,24,uy,center,0.00204729945148,0.00283897954445,0.55,0.00218379716549,adjacent,0.937495241702,0.27754090508,False,,../output/torsion_halfwave_legendre_N24/response.txt
torsion_legendre,Torsion half-wave - Legendre,25,uy,center,0.00197417111436,0.00279538598645,0.55,0.00239342321661,previous_3,0.824831605488,0.27754090508,False,,../output/torsion_halfwave_legendre_N25/response.txt
torsion_legendre,Torsion half-wave - Legendre,8,uy,plus,0.00630263886664,0.00914256086827,0.55,,none,,0.27754090508,False,,../output/torsion_halfwave_legendre_N08/response.txt
torsion_legendre,Torsion half-wave - Legendre,12,uy,plus,0.00274051335436,0.00390968668807,0.55,0.00411122722209,adjacent,0.666592529754,0.27754090508,False,,../output/torsion_halfwave_legendre_N12/response.txt
torsion_legendre,Torsion half-wave - Legendre,16,uy,plus,0.00191981557753,0.0027762731155,0.55,0.00219255045781,adjacent,0.875608390536,0.27754090508,False,,../output/torsion_halfwave_legendre_N16/response.txt
torsion_legendre,Torsion half-wave - Legendre,18,uy,plus,0.00164458756125,0.00234749865134,0.6,0.00169710392016,adjacent,0.969055307524,0.27754090508,False,,../output/torsion_halfwave_legendre_N18/response.txt
torsion_legendre,Torsion half-wave - Legendre,21,uy,plus,0.00147439226279,0.00208520878662,0.55,0.00150993088227,adjacent,0.976463413059,0.27754090508,False,,../output/torsion_halfwave_legendre_N21/response.txt
torsion_legendre,Torsion half-wave - Legendre,22,uy,plus,0.0013752742033,0.0020014574949,0.6,0.00139958000185,adjacent,0.982633505395,0.27754090508,False,,../output/torsion_halfwave_legendre_N22/response.txt
torsion_legendre,Torsion half-wave - Legendre,23,uy,plus,0.00132476774091,0.00192385472462,0.6,0.00131142072112,adjacent,1.01017752699,0.27754090508,False,,../output/torsion_halfwave_legendre_N23/response.txt
torsion_legendre,Torsion half-wave - Legendre,24,uy,plus,0.00124756723895,0.00185016176755,0.45,0.00127700507935,adjacent,0.976947749946,0.27754090508,False,,../output/torsion_halfwave_legendre_N24/response.txt
torsion_legendre,Torsion half-wave - Legendre,25,uy,plus,0.0012292424178,0.00181636910579,0.6,0.00132476774091,previous_3,0.927892776853,0.27754090508,False,,../output/torsion_halfwave_legendre_N25/response.txt
torsion_legendre,Torsion half-wave - Legendre,8,uy,minus,0.0322916323424,0.0468454359043,0.55,,none,,0.27754090508,False,,../output/torsion_halfwave_legendre_N08/response.txt
torsion_legendre,Torsion half-wave - Legendre,12,uy,minus,0.0136128703052,0.019665626145,0.55,0.0204339298242,adjacent,0.666189539768,0.27754090508,False,,../output/torsion_halfwave_legendre_N12/response.txt
torsion_legendre,Torsion half-wave - Legendre,16,uy,minus,0.00857622730594,0.0123012022414,0.55,0.0102112450805,adjacent,0.839880664727,0.27754090508,False,,../output/torsion_halfwave_legendre_N16/response.txt
torsion_legendre,Torsion half-wave - Legendre,18,uy,minus,0.00680961985587,0.0097608829979,0.55,0.00706451652148,adjacent,0.963918738835,0.27754090508,False,,../output/torsion_halfwave_legendre_N18/response.txt
torsion_legendre,Torsion half-wave - Legendre,21,uy,minus,0.00555280573702,0.00782824612105,0.6,0.00588422460926,adjacent,0.943676712863,0.27754090508,False,,../output/torsion_halfwave_legendre_N21/response.txt
torsion_legendre,Torsion half-wave - Legendre,22,uy,minus,0.00495882936266,0.00708713192895,0.6,0.00511034459198,adjacent,0.970351269549,0.27754090508,False,,../output/torsion_halfwave_legendre_N22/response.txt
torsion_legendre,Torsion half-wave - Legendre,23,uy,minus,0.00466788344694,0.0066245961926,0.55,0.00453845642494,adjacent,1.02851785054,0.27754090508,False,,../output/torsion_halfwave_legendre_N23/response.txt
torsion_legendre,Torsion half-wave - Legendre,24,uy,minus,0.00411808348722,0.00593283513824,0.5,0.00431959845737,adjacent,0.953348679944,0.27754090508,False,,../output/torsion_halfwave_legendre_N24/response.txt
torsion_legendre,Torsion half-wave - Legendre,25,uy,minus,0.00397131346779,0.0055958392927,0.55,0.00466788344694,previous_3,0.850773913475,0.27754090508,False,,../output/torsion_halfwave_legendre_N25/response.txt
torsion_legendre,Torsion half-wave - Legendre,8,uy,bottom_mid,0.0322009489866,0.0467141265213,0.55,,none,,0.27754090508,False,,../output/torsion_halfwave_legendre_N08/response.txt
torsion_legendre,Torsion half-wave - Legendre,12,uy,bottom_mid,0.0136379932154,0.0197018621981,0.55,0.020435331354,adjacent,0.667373236046,0.27754090508,False,,../output/torsion_halfwave_legendre_N12/response.txt
torsion_legendre,Torsion half-wave - Legendre,16,uy,bottom_mid,0.00866971372144,0.0124446171079,0.55,0.010284345852,adjacent,0.843000988704,0.27754090508,False,,../output/torsion_halfwave_legendre_N16/response.txt
torsion_legendre,Torsion half-wave - Legendre,18,uy,bottom_mid,0.00693069848867,0.00994837823976,0.55,0.00714010239191,adjacent,0.970672142814,0.27754090508,False,,../output/torsion_halfwave_legendre_N18/response.txt
torsion_legendre,Torsion half-wave - Legendre,21,uy,bottom_mid,0.00561049106237,0.00805990762876,0.55,0.00601512941011,adjacent,0.932729901528,0.27754090508,False,,../output/torsion_halfwave_legendre_N21/response.txt
torsion_legendre,Torsion half-wave - Legendre,22,uy,bottom_mid,0.00509956033156,0.00724003119006,0.6,0.00520953634462,adjacent,0.978889481561,0.27754090508,False,,../output/torsion_halfwave_legendre_N22/response.txt
torsion_legendre,Torsion half-wave - Legendre,23,uy,bottom_mid,0.00480858162686,0.00684491019396,0.55,0.00462516955316,adjacent,1.03965521082,0.27754090508,False,,../output/torsion_halfwave_legendre_N23/response.txt
torsion_legendre,Torsion half-wave - Legendre,24,uy,bottom_mid,0.00415077877476,0.00570552557579,0.5,0.00443736116242,adjacent,0.935416032823,0.27754090508,False,,../output/torsion_halfwave_legendre_N24/response.txt
torsion_legendre,Torsion half-wave - Legendre,25,uy,bottom_mid,0.00406614069798,0.00575939070836,0.55,0.00480858162686,previous_3,0.845600847299,0.27754090508,False,,../output/torsion_halfwave_legendre_N25/response.txt
torsion_legendre,Torsion half-wave - Legendre,8,uz,center,1.32420287572e-05,1.88785551156e-05,0.5,,none,,0.0985185989029,False,,../output/torsion_halfwave_legendre_N08/response.txt
torsion_legendre,Torsion half-wave - Legendre,12,uz,center,3.50004065092e-06,5.33854892978e-06,0.75,8.09407670568e-06,adjacent,0.432420000229,0.0985185989029,False,,../output/torsion_halfwave_legendre_N12/response.txt
torsion_legendre,Torsion half-wave - Legendre,16,uz,center,2.94612465412e-06,4.69229261981e-06,0.45,7.21165511491e-06,adjacent,0.408522677136,0.0985185989029,False,,../output/torsion_halfwave_legendre_N16/response.txt
torsion_legendre,Torsion half-wave - Legendre,18,uz,center,1.09232695789e-05,1.63452995695e-05,0.55,2.25015089799e-05,adjacent,0.485446091134,0.0985185989029,False,,../output/torsion_halfwave_legendre_N18/response.txt
torsion_legendre,Torsion half-wave - Legendre,21,uz,center,4.20568933056e-05,6.51578130916e-05,0.6,2.21489270839e-05,adjacent,1.89882305117,0.0985185989029,False,,../output/torsion_halfwave_legendre_N21/response.txt
torsion_legendre,Torsion half-wave - Legendre,22,uz,center,3.33745845889e-05,6.76673475434e-05,0.6,2.53174925985e-05,adjacent,1.31824209918,0.0985185989029,False,,../output/torsion_halfwave_legendre_N22/response.txt
torsion_legendre,Torsion half-wave - Legendre,23,uz,center,8.5780918913e-06,1.59603442408e-05,0.75,4.89337370496e-05,adjacent,0.175300159123,0.0985185989029,False,,../output/torsion_halfwave_legendre_N23/response.txt
torsion_legendre,Torsion half-wave - Legendre,24,uz,center,6.44928895103e-05,0.000131310495582,0.3,9.16148528516e-06,adjacent,7.03956700283,0.0985185989029,True,MEDIUM,../output/torsion_halfwave_legendre_N24/response.txt
torsion_legendre,Torsion half-wave - Legendre,25,uz,center,9.74487867902e-06,2.16258738625e-05,0.25,3.33745845889e-05,previous_3,0.291985017913,0.0985185989029,False,,../output/torsion_halfwave_legendre_N25/response.txt
torsion_legendre,Torsion half-wave - Legendre,8,uz,plus,0.01094466022,0.0158805895892,0.55,,none,,0.0985185989029,False,,../output/torsion_halfwave_legendre_N08/response.txt
torsion_legendre,Torsion half-wave - Legendre,12,uz,plus,0.00471467515003,0.00679631410123,0.55,0.00699169912809,adjacent,0.674324661811,0.0985185989029,False,,../output/torsion_halfwave_legendre_N12/response.txt
torsion_legendre,Torsion half-wave - Legendre,16,uz,plus,0.00303873803622,0.00436950357683,0.55,0.00357140172566,adjacent,0.850853045847,0.0985185989029,False,,../output/torsion_halfwave_legendre_N16/response.txt
torsion_legendre,Torsion half-wave - Legendre,18,uz,plus,0.00242812830128,0.0034935609042,0.6,0.00253895483128,adjacent,0.956349546425,0.0985185989029,False,,../output/torsion_halfwave_legendre_N18/response.txt
torsion_legendre,Torsion half-wave - Legendre,21,uz,plus,0.00203917162633,0.0028686028904,0.5,0.0021223703047,adjacent,0.960799169597,0.0985185989029,False,,../output/torsion_halfwave_legendre_N21/response.txt
torsion_legendre,Torsion half-wave - Legendre,22,uz,plus,0.00181661230812,0.00265452963263,0.55,0.00186966380314,adjacent,0.971625115205,0.0985185989029,False,,../output/torsion_halfwave_legendre_N22/response.txt
torsion_legendre,Torsion half-wave - Legendre,23,uz,plus,0.00170015597994,0.00249226380305,0.6,0.00168104392876,adjacent,1.01136915631,0.0985185989029,False,,../output/torsion_halfwave_legendre_N23/response.txt
torsion_legendre,Torsion half-wave - Legendre,24,uz,plus,0.0015454755494,0.00235559081719,0.5,0.00158814860919,adjacent,0.973130310638,0.0985185989029,False,,../output/torsion_halfwave_legendre_N24/response.txt
torsion_legendre,Torsion half-wave - Legendre,25,uz,plus,0.00147614123844,0.00221630485081,0.6,0.00170015597994,previous_3,0.868238712128,0.0985185989029,False,,../output/torsion_halfwave_legendre_N25/response.txt
torsion_legendre,Torsion half-wave - Legendre,8,uz,minus,0.00393437377145,0.00571112637176,0.55,,none,,0.0985185989029,False,,../output/torsion_halfwave_legendre_N08/response.txt
torsion_legendre,Torsion half-wave - Legendre,12,uz,minus,0.0016185952942,0.00233732586331,0.55,0.00243966537751,adjacent,0.663449712868,0.0985185989029,False,,../output/torsion_halfwave_legendre_N12/response.txt
torsion_legendre,Torsion half-wave - Legendre,16,uz,minus,0.000944956983561,0.00135556415273,0.55,0.00116378741249,adjacent,0.811967008254,0.0985185989029,False,,../output/torsion_halfwave_legendre_N16/response.txt
torsion_legendre,Torsion half-wave - Legendre,18,uz,minus,0.000708979530774,0.00100951596169,0.6,0.000779547608111,adjacent,0.909475602769,0.0985185989029,False,,../output/torsion_halfwave_legendre_N18/response.txt
torsion_legendre,Torsion half-wave - Legendre,21,uz,minus,0.000614138232662,0.000928871553611,0.65,0.000578302837722,adjacent,1.06196648642,0.0985185989029,False,,../output/torsion_halfwave_legendre_N21/response.txt
torsion_legendre,Torsion half-wave - Legendre,22,uz,minus,0.000447626144669,0.000696760588732,0.75,0.000524856075796,adjacent,0.852855030764,0.0985185989029,False,,../output/torsion_halfwave_legendre_N22/response.txt
torsion_legendre,Torsion half-wave - Legendre,23,uz,minus,0.000435573918929,0.000607543844611,0.65,0.000547923735396,adjacent,0.794953550633,0.0985185989029,False,,../output/torsion_halfwave_legendre_N23/response.txt
torsion_legendre,Torsion half-wave - Legendre,24,uz,minus,0.000648221326123,0.00139337208152,0.1,0.000404827219087,adjacent,1.60122960009,0.0985185989029,False,,../output/torsion_halfwave_legendre_N24/response.txt
torsion_legendre,Torsion half-wave - Legendre,25,uz,minus,0.000374080519244,0.000521903325313,0.5,0.000447626144669,previous_3,0.835698548218,0.0985185989029,False,,../output/torsion_halfwave_legendre_N25/response.txt
torsion_legendre,Torsion half-wave - Legendre,8,uz,bottom_mid,1.48694418728e-05,2.1308171751e-05,0.55,,none,,0.0985185989029,False,,../output/torsion_halfwave_legendre_N08/response.txt
torsion_legendre,Torsion half-wave - Legendre,12,uz,bottom_mid,6.77921625471e-06,9.43046847695e-06,0.6,1.04838801976e-05,adjacent,0.64663236578,0.0985185989029,False,,../output/torsion_halfwave_legendre_N12/response.txt
torsion_legendre,Torsion half-wave - Legendre,16,uz,bottom_mid,6.09831852236e-06,8.66015295947e-06,0.5,6.18967203789e-06,adjacent,0.985240976424,0.0985185989029,False,,../output/torsion_halfwave_legendre_N16/response.txt
torsion_legendre,Torsion half-wave - Legendre,18,uz,bottom_mid,5.60012782108e-06,9.86561870131e-06,0.65,2.30797530922e-05,adjacent,0.242642449367,0.0985185989029,False,,../output/torsion_halfwave_legendre_N18/response.txt
torsion_legendre,Torsion half-wave - Legendre,21,uz,bottom_mid,4.0061187662e-05,0.000150494871222,0.1,3.69381261371e-05,adjacent,1.0845484558,0.0985185989029,False,,../output/torsion_halfwave_legendre_N21/response.txt
torsion_legendre,Torsion half-wave - Legendre,22,uz,bottom_mid,6.8276124453e-05,0.00013766345802,0.85,2.76958197744e-05,adjacent,2.46521406513,0.0985185989029,False,,../output/torsion_halfwave_legendre_N22/response.txt
torsion_legendre,Torsion half-wave - Legendre,23,uz,bottom_mid,1.53304518867e-05,2.76024319051e-05,0.7,7.55756061016e-05,adjacent,0.202849208594,0.0985185989029,False,,../output/torsion_halfwave_legendre_N23/response.txt
torsion_legendre,Torsion half-wave - Legendre,24,uz,bottom_mid,8.28750877501e-05,0.000263293899227,0.1,1.56516577531e-05,adjacent,5.2949718846,0.0985185989029,True,MEDIUM,../output/torsion_halfwave_legendre_N24/response.txt
torsion_legendre,Torsion half-wave - Legendre,25,uz,bottom_mid,1.59728636195e-05,4.38956059472e-05,0.1,6.8276124453e-05,previous_3,0.233945083256,0.0985185989029,False,,../output/torsion_halfwave_legendre_N25/response.txt
torsion_lagrange,Torsion half-wave - Lagrange,8,ux,center,2.77778608232e-07,5.52280102915e-07,1,,none,,0.00992870552879,False,,../output/torsion_halfwave_lagrange_N08/response.txt
torsion_lagrange,Torsion half-wave - Lagrange,12,ux,center,1.48678012646e-07,4.04075977915e-07,1,4.09322431146e-05,adjacent,0.00363229574861,0.00992870552879,False,,../output/torsion_halfwave_lagrange_N12/response.txt
torsion_lagrange,Torsion half-wave - Lagrange,16,ux,center,8.15867076209e-05,0.000135256612566,0.75,5.94881247365e-06,adjacent,13.714788957,0.00992870552879,True,HIGH,../output/torsion_halfwave_lagrange_N16/response.txt
torsion_lagrange,Torsion half-wave - Lagrange,18,ux,center,1.17489469346e-05,1.68127232482e-05,0.2,5.50853457141e-05,adjacent,0.21328625213,0.00992870552879,False,,../output/torsion_halfwave_lagrange_N18/response.txt
torsion_lagrange,Torsion half-wave - Lagrange,21,ux,center,2.85839838073e-05,5.72686176181e-05,1,1.65975625439e-05,adjacent,1.72217961111,0.00992870552879,False,,../output/torsion_halfwave_lagrange_N21/response.txt
torsion_lagrange,Torsion half-wave - Lagrange,22,ux,center,2.14461781532e-05,3.54962916681e-05,1,2.04209894983e-05,adjacent,1.05020269243,0.00992870552879,False,,../output/torsion_halfwave_lagrange_N22/response.txt
torsion_lagrange,Torsion half-wave - Lagrange,24,ux,center,1.22579951894e-05,3.30990005659e-05,1,2.17575819596e-05,adjacent,0.563389590448,0.00992870552879,False,,../output/torsion_halfwave_lagrange_N24/response.txt
torsion_lagrange,Torsion half-wave - Lagrange,25,ux,center,2.2068985766e-05,5.37683344261e-05,1,2.14461781532e-05,previous_3,1.02904049423,0.00992870552879,False,,../output/torsion_halfwave_lagrange_N25/response.txt
torsion_lagrange,Torsion half-wave - Lagrange,8,ux,plus,0.000165993872006,0.000245853149304,0.65,,none,,0.00992870552879,False,,../output/torsion_halfwave_lagrange_N08/response.txt
torsion_lagrange,Torsion half-wave - Lagrange,12,ux,plus,0.000124039389832,0.00025883229052,1,0.000186081221244,adjacent,0.666587359018,0.00992870552879,False,,../output/torsion_halfwave_lagrange_N12/response.txt
torsion_lagrange,Torsion half-wave - Lagrange,16,ux,plus,0.000206168570482,0.00049314304249,0,0.000112287600112,adjacent,1.8360760251,0.00992870552879,False,,../output/torsion_halfwave_lagrange_N16/response.txt
torsion_lagrange,Torsion half-wave - Lagrange,18,ux,plus,0.000100535810393,0.000198325848955,0,0.000155132157558,adjacent,0.648065571806,0.00992870552879,False,,../output/torsion_halfwave_lagrange_N18/response.txt
torsion_lagrange,Torsion half-wave - Lagrange,21,ux,plus,0.000104095744633,0.000202328840334,0.95,0.000127844932572,adjacent,0.814234420859,0.00992870552879,False,,../output/torsion_halfwave_lagrange_N21/response.txt
torsion_lagrange,Torsion half-wave - Lagrange,22,ux,plus,0.000155154054751,0.000370167993702,0,0.000110975567033,adjacent,1.39809202061,0.00992870552879,False,,../output/torsion_halfwave_lagrange_N22/response.txt
torsion_lagrange,Torsion half-wave - Lagrange,24,ux,plus,0.000117855389433,0.000352623415464,0,0.000123749119301,adjacent,0.952373561109,0.00992870552879,False,,../output/torsion_halfwave_lagrange_N24/response.txt
torsion_lagrange,Torsion half-wave - Lagrange,25,ux,plus,9.23441838508e-05,0.000200200810091,0.05,0.000117855389433,previous_3,0.783538065549,0.00992870552879,False,,../output/torsion_halfwave_lagrange_N25/response.txt
torsion_lagrange,Torsion half-wave - Lagrange,8,ux,minus,0.000926612336283,0.00135812050628,0.95,,none,,0.00992870552879,False,,../output/torsion_halfwave_lagrange_N08/response.txt
torsion_lagrange,Torsion half-wave - Lagrange,12,ux,minus,0.000353631940614,0.000549376671971,0.95,0.000606913604198,adjacent,0.582672621223,0.00992870552879,False,,../output/torsion_halfwave_lagrange_N12/response.txt
torsion_lagrange,Torsion half-wave - Lagrange,16,ux,minus,0.000287214872112,0.000773485853551,0,0.000289222461402,adjacent,0.993058667435,0.00992870552879,False,,../output/torsion_halfwave_lagrange_N16/response.txt
torsion_lagrange,Torsion half-wave - Lagrange,18,ux,minus,0.000224812982191,0.000408456922789,0.95,0.000243001188612,adjacent,0.925151780017,0.00992870552879,False,,../output/torsion_halfwave_lagrange_N18/response.txt
torsion_lagrange,Torsion half-wave - Lagrange,21,ux,minus,0.000198787505112,0.000321228854853,0,0.000191453747526,adjacent,1.03830563612,0.00992870552879,False,,../output/torsion_halfwave_lagrange_N21/response.txt
torsion_lagrange,Torsion half-wave - Lagrange,22,ux,minus,0.000158094512861,0.000275512671004,0.15,0.000161981332518,adjacent,0.97600452103,0.00992870552879,False,,../output/torsion_halfwave_lagrange_N22/response.txt
torsion_lagrange,Torsion half-wave - Lagrange,24,ux,minus,0.000125175159925,0.000244242381892,0.95,0.000144846537315,adjacent,0.864191593706,0.00992870552879,False,,../output/torsion_halfwave_lagrange_N24/response.txt
torsion_lagrange,Torsion half-wave - Lagrange,25,ux,minus,0.00013159856177,0.000252020749968,0.95,0.000158094512861,previous_3,0.832404359826,0.00992870552879,False,,../output/torsion_halfwave_lagrange_N25/response.txt
torsion_lagrange,Torsion half-wave - Lagrange,8,ux,bottom_mid,8.36624487315e-07,1.55595170097e-06,0.95,,none,,0.00992870552879,False,,../output/torsion_halfwave_lagrange_N08/response.txt
torsion_lagrange,Torsion half-wave - Lagrange,12,ux,bottom_mid,1.14211975569e-06,1.87781661997e-06,0.95,6.11464864209e-05,adjacent,0.0186784200131,0.00992870552879,False,,../output/torsion_halfwave_lagrange_N12/response.txt
torsion_lagrange,Torsion half-wave - Lagrange,16,ux,bottom_mid,0.000121456348355,0.000266441328804,0,9.77176210065e-06,adjacent,12.4293190014,0.00992870552879,True,HIGH,../output/torsion_halfwave_lagrange_N16/response.txt
torsion_lagrange,Torsion half-wave - Lagrange,18,ux,bottom_mid,1.84014044456e-05,3.16188015025e-05,0.7,8.29846496425e-05,adjacent,0.221744678382,0.00992870552879,False,,../output/torsion_halfwave_lagrange_N18/response.txt
torsion_lagrange,Torsion half-wave - Lagrange,21,ux,bottom_mid,4.45129509305e-05,7.82008127927e-05,0,2.30950444668e-05,adjacent,1.92738104464,0.00992870552879,False,,../output/torsion_halfwave_lagrange_N21/response.txt
torsion_lagrange,Torsion half-wave - Lagrange,22,ux,bottom_mid,2.7788684488e-05,5.68044652163e-05,0.8,3.58528182594e-05,adjacent,0.775076711876,0.00992870552879,False,,../output/torsion_halfwave_lagrange_N22/response.txt
torsion_lagrange,Torsion half-wave - Lagrange,24,ux,bottom_mid,2.71926855884e-05,7.98190248448e-05,0,3.68570083236e-05,adjacent,0.737788736124,0.00992870552879,False,,../output/torsion_halfwave_lagrange_N24/response.txt
torsion_lagrange,Torsion half-wave - Lagrange,25,ux,bottom_mid,4.59253321593e-05,7.66633160794e-05,0.25,2.7788684488e-05,previous_3,1.65266305352,0.00992870552879,False,,../output/torsion_halfwave_lagrange_N25/response.txt
torsion_lagrange,Torsion half-wave - Lagrange,8,uy,center,0.015757638394,0.0228441257637,0.55,,none,,0.27754090508,False,,../output/torsion_halfwave_lagrange_N08/response.txt
torsion_lagrange,Torsion half-wave - Lagrange,12,uy,center,0.00686106992658,0.00993320258195,0.55,0.0100587776585,adjacent,0.682097781613,0.27754090508,False,,../output/torsion_halfwave_lagrange_N12/response.txt
torsion_lagrange,Torsion half-wave - Lagrange,16,uy,center,0.00435991692293,0.00618761290415,0.55,0.00520575880823,adjacent,0.837518041757,0.27754090508,False,,../output/torsion_halfwave_lagrange_N16/response.txt
torsion_lagrange,Torsion half-wave - Lagrange,18,uy,center,0.00355044768989,0.00508598211705,0.55,0.00353419784733,adjacent,1.00459788706,0.27754090508,False,,../output/torsion_halfwave_lagrange_N18/response.txt
torsion_lagrange,Torsion half-wave - Lagrange,21,uy,center,0.00270847877173,0.00385333378575,0.55,0.0030197787686,adjacent,0.896912979152,0.27754090508,False,,../output/torsion_halfwave_lagrange_N21/response.txt
torsion_lagrange,Torsion half-wave - Lagrange,22,uy,center,0.00248910984731,0.00357038047125,0.55,0.00242654306731,adjacent,1.02578432703,0.27754090508,False,,../output/torsion_halfwave_lagrange_N22/response.txt
torsion_lagrange,Torsion half-wave - Lagrange,24,uy,center,0.0021446073629,0.00309295513695,0.55,0.00221601988251,adjacent,0.967774422885,0.27754090508,False,,../output/torsion_halfwave_lagrange_N24/response.txt
torsion_lagrange,Torsion half-wave - Lagrange,25,uy,center,0.00194292991771,0.00278350807825,0.55,0.00248910984731,previous_3,0.780572187204,0.27754090508,False,,../output/torsion_halfwave_lagrange_N25/response.txt
torsion_lagrange,Torsion half-wave - Lagrange,8,uy,plus,0.0055819116933,0.00809961019162,0.55,,none,,0.27754090508,False,,../output/torsion_halfwave_lagrange_N08/response.txt
torsion_lagrange,Torsion half-wave - Lagrange,12,uy,plus,0.00262895211699,0.00371908394245,0.6,0.00372685408886,adjacent,0.705407846485,0.27754090508,False,,../output/torsion_halfwave_lagrange_N12/response.txt
torsion_lagrange,Torsion half-wave - Lagrange,16,uy,plus,0.00187179648443,0.002708925573,0.55,0.00213065164463,adjacent,0.878508924322,0.27754090508,False,,../output/torsion_halfwave_lagrange_N16/response.txt
torsion_lagrange,Torsion half-wave - Lagrange,18,uy,plus,0.00163235117227,0.00231253157066,0.6,0.00164568466,adjacent,0.991897908482,0.27754090508,False,,../output/torsion_halfwave_lagrange_N18/response.txt
torsion_lagrange,Torsion half-wave - Lagrange,21,uy,plus,0.00141957283556,0.00199787113995,0.6,0.00149542279893,adjacent,0.949278583005,0.27754090508,False,,../output/torsion_halfwave_lagrange_N21/response.txt
torsion_lagrange,Torsion half-wave - Lagrange,22,uy,plus,0.00135849442559,0.00198128656851,0.6,0.0013408264902,adjacent,1.01317689911,0.27754090508,False,,../output/torsion_halfwave_lagrange_N22/response.txt
torsion_lagrange,Torsion half-wave - Lagrange,24,uy,plus,0.00126208014485,0.00185821523998,0.6,0.00129302174107,adjacent,0.976070320214,0.27754090508,False,,../output/torsion_halfwave_lagrange_N24/response.txt
torsion_lagrange,Torsion half-wave - Lagrange,25,uy,plus,0.00122754905654,0.00181080933379,0.55,0.00135849442559,previous_3,0.903609932744,0.27754090508,False,,../output/torsion_halfwave_lagrange_N25/response.txt
torsion_lagrange,Torsion half-wave - Lagrange,8,uy,minus,0.0295374001857,0.0428288215285,0.55,,none,,0.27754090508,False,,../output/torsion_halfwave_lagrange_N08/response.txt
torsion_lagrange,Torsion half-wave - Lagrange,12,uy,minus,0.0129242548878,0.0186626127865,0.55,0.0189047861172,adjacent,0.683649886737,0.27754090508,False,,../output/torsion_halfwave_lagrange_N12/response.txt
torsion_lagrange,Torsion half-wave - Lagrange,16,uy,minus,0.00827217204867,0.0118796796674,0.55,0.00984777391581,adjacent,0.8400042608,0.27754090508,False,,../output/torsion_halfwave_lagrange_N16/response.txt
torsion_lagrange,Torsion half-wave - Lagrange,18,uy,minus,0.00677129294379,0.0096355896853,0.55,0.00674656221089,adjacent,1.00366567922,0.27754090508,False,,../output/torsion_halfwave_lagrange_N18/response.txt
torsion_lagrange,Torsion half-wave - Lagrange,21,uy,minus,0.00522095237311,0.0073932736648,0.55,0.00582183528981,adjacent,0.896788059643,0.27754090508,False,,../output/torsion_halfwave_lagrange_N21/response.txt
torsion_lagrange,Torsion half-wave - Lagrange,22,uy,minus,0.00487237763584,0.0069585159158,0.55,0.00472062281781,adjacent,1.03214720258,0.27754090508,False,,../output/torsion_halfwave_lagrange_N22/response.txt
torsion_lagrange,Torsion half-wave - Lagrange,24,uy,minus,0.00422029326251,0.0060489841647,0.55,0.00435878330631,adjacent,0.968227362071,0.27754090508,False,,../output/torsion_halfwave_lagrange_N24/response.txt
torsion_lagrange,Torsion half-wave - Lagrange,25,uy,minus,0.00384518897678,0.0054795423188,0.55,0.00487237763584,previous_3,0.789181230228,0.27754090508,False,,../output/torsion_halfwave_lagrange_N25/response.txt
torsion_lagrange,Torsion half-wave - Lagrange,8,uy,bottom_mid,0.0294615566051,0.0427191281865,0.55,,none,,0.27754090508,False,,../output/torsion_halfwave_lagrange_N08/response.txt
torsion_lagrange,Torsion half-wave - Lagrange,12,uy,bottom_mid,0.0129476090555,0.0186961701159,0.55,0.0189298021769,adjacent,0.683980156506,0.27754090508,False,,../output/torsion_halfwave_lagrange_N12/response.txt
torsion_lagrange,Torsion half-wave - Lagrange,16,uy,bottom_mid,0.00839804774859,0.0119714806528,0.55,0.00993061090609,adjacent,0.845672821945,0.27754090508,False,,../output/torsion_halfwave_lagrange_N16/response.txt
torsion_lagrange,Torsion half-wave - Lagrange,18,uy,bottom_mid,0.00691361275663,0.00989901129826,0.55,0.00689974070513,adjacent,1.0020105178,0.27754090508,False,,../output/torsion_halfwave_lagrange_N18/response.txt
torsion_lagrange,Torsion half-wave - Lagrange,21,uy,bottom_mid,0.00540143366167,0.00770829063566,0.55,0.00595414172104,adjacent,0.907172505246,0.27754090508,False,,../output/torsion_halfwave_lagrange_N21/response.txt
torsion_lagrange,Torsion half-wave - Lagrange,22,uy,bottom_mid,0.00499467068545,0.00715735844316,0.55,0.00488761600319,adjacent,1.02190325144,0.27754090508,False,,../output/torsion_halfwave_lagrange_N22/response.txt
torsion_lagrange,Torsion half-wave - Lagrange,24,uy,bottom_mid,0.00437379834471,0.00631410224706,0.55,0.00449360851243,adjacent,0.973337648932,0.27754090508,False,,../output/torsion_halfwave_lagrange_N24/response.txt
torsion_lagrange,Torsion half-wave - Lagrange,25,uy,bottom_mid,0.00399254633941,0.00571627001166,0.55,0.00499467068545,previous_3,0.79936127742,0.27754090508,False,,../output/torsion_halfwave_lagrange_N25/response.txt
torsion_lagrange,Torsion half-wave - Lagrange,8,uz,center,1.25399950133e-05,1.79536753186e-05,0.5,,none,,0.0985185989029,False,,../output/torsion_halfwave_lagrange_N08/response.txt
torsion_lagrange,Torsion half-wave - Lagrange,12,uz,center,3.41023493326e-06,5.26741308678e-06,0.75,3.25301246665e-05,adjacent,0.104833134463,0.0985185989029,False,,../output/torsion_halfwave_lagrange_N12/response.txt
torsion_lagrange,Torsion half-wave - Lagrange,16,uz,center,5.25202543196e-05,0.000118634330166,0.9,5.23127677164e-06,adjacent,10.039662708,0.0985185989029,True,HIGH,../output/torsion_halfwave_lagrange_N16/response.txt
torsion_lagrange,Torsion half-wave - Lagrange,18,uz,center,7.05231861002e-06,1.22410323398e-05,0.45,2.98537935233e-05,adjacent,0.236228558508,0.0985185989029,False,,../output/torsion_halfwave_lagrange_N18/response.txt
torsion_lagrange,Torsion half-wave - Lagrange,21,uz,center,7.18733272703e-06,1.25488711888e-05,0.15,1.21967224924e-05,adjacent,0.589283943413,0.0985185989029,False,,../output/torsion_halfwave_lagrange_N21/response.txt
torsion_lagrange,Torsion half-wave - Lagrange,22,uz,center,1.73411263748e-05,2.47755668167e-05,0.3,6.8186944773e-06,adjacent,2.54317398037,0.0985185989029,True,LOW,../output/torsion_halfwave_lagrange_N22/response.txt
torsion_lagrange,Torsion half-wave - Lagrange,24,uz,center,6.45005622756e-06,1.22595813415e-05,0.25,1.6494273345e-05,adjacent,0.391048219746,0.0985185989029,False,,../output/torsion_halfwave_lagrange_N24/response.txt
torsion_lagrange,Torsion half-wave - Lagrange,25,uz,center,1.56474203152e-05,3.06097886612e-05,0.75,7.18733272703e-06,previous_3,2.17708305842,0.0985185989029,False,,../output/torsion_halfwave_lagrange_N25/response.txt
torsion_lagrange,Torsion half-wave - Lagrange,8,uz,plus,0.00998489772703,0.0144833530854,0.55,,none,,0.0985185989029,False,,../output/torsion_halfwave_lagrange_N08/response.txt
torsion_lagrange,Torsion half-wave - Lagrange,12,uz,plus,0.00449223664831,0.00646243704233,0.55,0.00649308808387,adjacent,0.691849023189,0.0985185989029,False,,../output/torsion_halfwave_lagrange_N12/response.txt
torsion_lagrange,Torsion half-wave - Lagrange,16,uz,plus,0.00300127844071,0.00432897966378,0.55,0.0034538725897,adjacent,0.868960380782,0.0985185989029,False,,../output/torsion_halfwave_lagrange_N16/response.txt
torsion_lagrange,Torsion half-wave - Lagrange,18,uz,plus,0.00241550853109,0.0034612346257,0.6,0.00246415450072,adjacent,0.98025855537,0.0985185989029,False,,../output/torsion_halfwave_lagrange_N18/response.txt
torsion_lagrange,Torsion half-wave - Lagrange,21,uz,plus,0.00192703056073,0.00272833249645,0.6,0.00209583247158,adjacent,0.919458299675,0.0985185989029,False,,../output/torsion_halfwave_lagrange_N21/response.txt
torsion_lagrange,Torsion half-wave - Lagrange,22,uz,plus,0.00177615641208,0.00257145003178,0.6,0.00174775925136,adjacent,1.01624775306,0.0985185989029,False,,../output/torsion_halfwave_lagrange_N22/response.txt
torsion_lagrange,Torsion half-wave - Lagrange,24,uz,plus,0.001568487942,0.00230715163302,0.6,0.00162193842416,adjacent,0.967045307412,0.0985185989029,False,,../output/torsion_halfwave_lagrange_N24/response.txt
torsion_lagrange,Torsion half-wave - Lagrange,25,uz,plus,0.00146772043624,0.00215893705736,0.6,0.00177615641208,previous_3,0.826346388336,0.0985185989029,False,,../output/torsion_halfwave_lagrange_N25/response.txt
torsion_lagrange,Torsion half-wave - Lagrange,8,uz,minus,0.00358780880176,0.00520603795596,0.55,,none,,0.0985185989029,False,,../output/torsion_halfwave_lagrange_N08/response.txt
torsion_lagrange,Torsion half-wave - Lagrange,12,uz,minus,0.00153956662909,0.00221997425484,0.55,0.00222474081462,adjacent,0.692020669988,0.0985185989029,False,,../output/torsion_halfwave_lagrange_N12/response.txt
torsion_lagrange,Torsion half-wave - Lagrange,16,uz,minus,0.000861672827483,0.00127852200924,0.55,0.00111646792354,adjacent,0.771784669592,0.0985185989029,False,,../output/torsion_halfwave_lagrange_N16/response.txt
torsion_lagrange,Torsion half-wave - Lagrange,18,uz,minus,0.000693369218002,0.000989049972053,0.6,0.000670003474011,adjacent,1.03487406394,0.0985185989029,False,,../output/torsion_halfwave_lagrange_N18/response.txt
torsion_lagrange,Torsion half-wave - Lagrange,21,uz,minus,0.000478334120539,0.000661883682303,0.6,0.000603650443865,adjacent,0.792402499493,0.0985185989029,False,,../output/torsion_halfwave_lagrange_N21/response.txt
torsion_lagrange,Torsion half-wave - Lagrange,22,uz,minus,0.000513931669727,0.000771727283093,0.6,0.000424810801254,adjacent,1.20978955387,0.0985185989029,False,,../output/torsion_halfwave_lagrange_N22/response.txt
torsion_lagrange,Torsion half-wave - Lagrange,24,uz,minus,0.000371287481969,0.000520983855032,0.75,0.000422291341655,adjacent,0.879221156924,0.0985185989029,False,,../output/torsion_halfwave_lagrange_N24/response.txt
torsion_lagrange,Torsion half-wave - Lagrange,25,uz,minus,0.000330651013583,0.000540543167501,0.65,0.000478334120539,previous_3,0.691255336774,0.0985185989029,False,,../output/torsion_halfwave_lagrange_N25/response.txt
torsion_lagrange,Torsion half-wave - Lagrange,8,uz,bottom_mid,1.9365081185e-05,2.7926559032e-05,0.55,,none,,0.0985185989029,False,,../output/torsion_halfwave_lagrange_N08/response.txt
torsion_lagrange,Torsion half-wave - Lagrange,12,uz,bottom_mid,6.9124843005e-06,9.55328660595e-06,0.6,3.52312569937e-05,adjacent,0.196203169865,0.0985185989029,False,,../output/torsion_halfwave_lagrange_N12/response.txt
torsion_lagrange,Torsion half-wave - Lagrange,16,uz,bottom_mid,5.10974328024e-05,8.48750259751e-05,0.6,8.83904966237e-06,adjacent,5.78087404803,0.0985185989029,True,MEDIUM,../output/torsion_halfwave_lagrange_N16/response.txt
torsion_lagrange,Torsion half-wave - Lagrange,18,uz,bottom_mid,1.07656150242e-05,2.29169112438e-05,0.1,3.83130623972e-05,adjacent,0.280990720936,0.0985185989029,False,,../output/torsion_halfwave_lagrange_N18/response.txt
torsion_lagrange,Torsion half-wave - Lagrange,21,uz,bottom_mid,2.55286919919e-05,4.69268781119e-05,0.6,1.30439250956e-05,adjacent,1.95713267325,0.0985185989029,False,,../output/torsion_halfwave_lagrange_N21/response.txt
torsion_lagrange,Torsion half-wave - Lagrange,22,uz,bottom_mid,1.53222351669e-05,2.97788893283e-05,0.2,2.50587015606e-05,adjacent,0.611453675277,0.0985185989029,False,,../output/torsion_halfwave_lagrange_N22/response.txt
torsion_lagrange,Torsion half-wave - Lagrange,24,uz,bottom_mid,2.45887111292e-05,4.94988378313e-05,0.2,2.1980624887e-05,adjacent,1.11865387156,0.0985185989029,False,,../output/torsion_halfwave_lagrange_N24/response.txt
torsion_lagrange,Torsion half-wave - Lagrange,25,uz,bottom_mid,2.86390146071e-05,5.49250800665e-05,0.05,2.45887111292e-05,previous_3,1.16472207333,0.0985185989029,False,,../output/torsion_halfwave_lagrange_N25/response.txt
