element_tag,polygon_idx,polygon_name,container_idx,material_tag,weightabs,shear_weightabs,poisson,i,j,k,x,y,z,area,x0,x1,y0,y1,sigma_xx_3d,sigma_yy_3d,sigma_zz_3d,tau_xy_3d,tau_yz_3d,tau_zx_3d
6689,2,flange_bottom:flange_bottom,,91,0.85,0.3541666666666667,0.2,0,0,22,-0.28500000000000003,-0.105,3.0,0.0008999999999999991,-0.3,-0.27,-0.12,-0.09,510.1214374777628,-192.95268935221247,-3216230.5996281807,-242.2838300491373,-36772.26473383016,44277.489861904956
6690,2,flange_bottom:flange_bottom,,91,0.85,0.3541666666666667,0.2,1,0,22,-0.255,-0.105,3.0,0.0009000000000000007,-0.27,-0.24,-0.12,-0.09,2512.589496502769,-80.42439138179179,-3237689.625172828,-640.0846419980129,-13274.459669308428,101577.12765103331
6691,2,flange_bottom:flange_bottom,,91,0.85,0.3541666666666667,0.2,2,0,22,-0.22499999999999998,-0.105,3.0,0.0009,-0.24,-0.21,-0.12,-0.09,5716.246003725333,-100.2244507583091,-3260447.2149080876,-819.8763343418639,-5340.09207736856,134075.78761344124
6692,2,flange_bottom:flange_bottom,,91,0.85,0.3541666666666667,0.2,3,0,22,-0.195,-0.105,3.0,0.0009,-0.21,-0.18,-0.12,-0.09,9604.097989146947,-49.23073993984144,-3283983.5324957445,-929.5541542197268,-1424.9442820269614,155791.6606752674
6693,2,flange_bottom:flange_bottom,,91,0.85,0.3541666666666667,0.2,4,0,22,-0.16499999999999998,-0.105,3.0,0.0009,-0.18,-0.15,-0.12,-0.09,13990.694350372767,-45.24589623324573,-3308083.4190794094,-1088.5339314316711,1057.2432396101456,171769.01337353917
6694,2,flange_bottom:flange_bottom,,91,0.85,0.3541666666666667,0.2,5,0,22,-0.135,-0.105,3.0,0.0009,-0.15,-0.12,-0.12,-0.09,18742.435522578307,-245.21552629605867,-3332630.0855655656,-1012.4553716729085,3715.814004477424,183025.31573221524
6695,2,flange_bottom:flange_bottom,,91,0.85,0.3541666666666667,0.2,6,0,22,-0.105,-0.105,3.0,0.0009,-0.12,-0.09,-0.12,-0.09,22763.300452772644,-745.502009315067,-3357642.917886026,-121.83320751786232,7550.4414452252295,188034.0022052744
6696,2,flange_bottom:flange_bottom,,91,0.85,0.3541666666666667,0.2,7,0,22,-0.075,-0.105,3.0,0.0009,-0.09,-0.06,-0.12,-0.09,24185.0704327228,-1303.424779433175,-3383156.842718304,2087.8050872310996,12900.502487516653,183849.23852426716
6697,2,flange_bottom:flange_bottom,,91,0.85,0.3541666666666667,0.2,8,0,22,-0.045,-0.105,3.0,0.0009,-0.06,-0.03,-0.12,-0.09,20635.17933455878,-1350.5466764965095,-3409100.570231494,5212.366949133575,19182.910229040932,167652.05657899877
6698,2,flange_bottom:flange_bottom,,91,0.85,0.3541666666666667,0.2,9,0,22,-0.015,-0.105,3.0,0.0009,-0.03,0.0,-0.12,-0.09,11709.499504645588,-526.2189709818922,-3435029.965457775,7612.656356245279,24775.77207263963,138896.92534199636
6699,2,flange_bottom:flange_bottom,,91,0.85,0.3541666666666667,0.2,10,0,22,0.015,-0.105,3.0,0.0009,0.0,0.03,-0.12,-0.09,-65.88688865874428,730.6630499860039,-3460126.68130733,7692.969441883266,27598.780131245654,101033.57065606739
6700,2,flange_bottom:flange_bottom,,91,0.85,0.3541666666666667,0.2,11,0,22,0.045,-0.105,3.0,0.0009,0.03,0.06,-0.12,-0.09,-10369.33919295785,1626.119455494103,-3483519.952153316,5306.926625167331,26253.874620577943,61470.52979755215
6701,2,flange_bottom:flange_bottom,,91,0.85,0.3541666666666667,0.2,12,0,22,0.074,-0.105,3.0,0.0008399999999999999,0.06,0.088,-0.12,-0.09,-16052.37872703583,1600.0855372147635,-3504199.7269351524,1953.295517946283,21504.213476531208,29651.201102393992
6702,2,flange_bottom:flange_bottom,,91,0.85,0.3541666666666667,0.2,13,0,22,0.10200000000000001,-0.105,3.0,0.0008400000000000003,0.088,0.116,-0.12,-0.09,-16808.94884933438,924.4079543243861,-3522466.3782219687,-530.321823510031,15596.387724982575,9760.517947628474
6703,2,flange_bottom:flange_bottom,,91,0.85,0.3541666666666667,0.2,14,0,22,0.13,-0.105,3.0,0.0008400000000000003,0.116,0.14400000000000002,-0.12,-0.09,-15084.381772804889,185.98289042559918,-3539819.5381224942,-1596.283690194289,10869.67068595222,611.9652590552967
6704,2,flange_bottom:flange_bottom,,91,0.85,0.3541666666666667,0.2,15,0,22,0.15800000000000003,-0.105,3.0,0.0008399999999999999,0.14400000000000002,0.17200000000000001,-0.12,-0.09,-12448.285619933507,-297.220807963633,-3556804.352395515,-1552.3645123690367,9151.078695664182,-2127.6933100605384
6705,2,flange_bottom:flange_bottom,,91,0.85,0.3541666666666667,0.2,16,0,22,0.186,-0.105,3.0,0.0008399999999999999,0.17200000000000001,0.2,-0.12,-0.09,-10371.728059722693,-4.182417707983404,-3573723.0026145107,-1065.1378336971006,13356.58572729025,-5632.649527749668
6706,3,flange_bottom_right:flange_bottom_right,,92,0.5,0.20833333333333334,0.2,17,0,22,0.2138888888888889,-0.105,3.0,0.0008333333333333337,0.2,0.2277777777777778,-0.12,-0.09,-8894.248764215969,-319.2361984641175,-2112854.177255825,-799.2184003194174,7320.766018095116,-10886.248147496954
6707,3,flange_bottom_right:flange_bottom_right,,92,0.5,0.20833333333333334,0.2,18,0,22,0.24166666666666667,-0.105,3.0,0.000833333333333332,0.2277777777777778,0.25555555555555554,-0.12,-0.09,-7819.336978737847,-30.404339250177145,-2122455.2387529975,-642.5295156488817,3383.49049301818,-7328.608189330747
6708,3,flange_bottom_right:flange_bottom_right,,92,0.5,0.20833333333333334,0.2,19,0,22,0.26944444444444443,-0.105,3.0,0.0008333333333333337,0.25555555555555554,0.2833333333333333,-0.12,-0.09,-6802.686273456202,-75.85407709452556,-2132221.219816772,-623.5255677253008,2044.642131930838,142.16639464410645
6709,3,flange_bottom_right:flange_bottom_right,,92,0.5,0.20833333333333334,0.2,20,0,22,0.2972222222222222,-0.105,3.0,0.0008333333333333337,0.2833333333333333,0.3111111111111111,-0.12,-0.09,-5738.5514117204,-76.27586441743188,-2142167.102282825,-598.1878922134638,1602.9803510941565,9132.651232453063
6710,3,flange_bottom_right:flange_bottom_right,,92,0.5,0.20833333333333334,0.2,21,0,22,0.325,-0.105,3.0,0.0008333333333333337,0.3111111111111111,0.3388888888888889,-0.12,-0.09,-4609.792047832743,-78.94536557828542,-2152340.494103786,-571.3260369747877,1806.7566894708823,18340.97408223587
6711,3,flange_bottom_right:flange_bottom_right,,92,0.5,0.20833333333333334,0.2,22,0,22,0.3527777777777778,-0.105,3.0,0.0008333333333333337,0.3388888888888889,0.3666666666666667,-0.12,-0.09,-3416.400052767014,-76.67260870034806,-2162737.6244407627,-541.197750667731,2781.712926682085,26581.789791972067
6712,3,flange_bottom_right:flange_bottom_right,,92,0.5,0.20833333333333334,0.2,23,0,22,0.38055555555555554,-0.105,3.0,0.000833333333333332,0.3666666666666667,0.39444444444444443,-0.12,-0.09,-2200.66503001441,-77.67492350254906,-2173317.3261609506,-491.8017365038395,5128.504971194392,32062.154195259016
6713,3,flange_bottom_right:flange_bottom_right,,92,0.5,0.20833333333333334,0.2,24,0,22,0.4083333333333333,-0.105,3.0,0.0008333333333333337,0.39444444444444443,0.4222222222222222,-0.12,-0.09,-1078.27148373198,-95.97069293062668,-2183970.8537096153,-378.257312849164,10217.098780566206,31295.86575987128
6714,3,flange_bottom_right:flange_bottom_right,,92,0.5,0.20833333333333334,0.2,25,0,22,0.4361111111111111,-0.105,3.0,0.0008333333333333337,0.4222222222222222,0.45,-0.12,-0.09,-321.378473007353,-38.65395686856937,-2194419.5482324837,-141.14445939660072,24674.580613967653,16260.752239140373
6715,2,flange_bottom:flange_bottom,,91,0.85,0.3541666666666667,0.2,0,1,22,-0.28500000000000003,-0.075,3.0,0.0008999999999999991,-0.3,-0.27,-0.09,-0.06,192.96084843878634,-169.2210862368811,-2987655.339875284,-724.4502312491338,-74955.99792195018,16095.794131247327
6716,2,flange_bottom:flange_bottom,,91,0.85,0.3541666666666667,0.2,1,1,22,-0.255,-0.075,3.0,0.0009000000000000007,-0.27,-0.24,-0.09,-0.06,1075.8367541150656,-50.80708759755362,-3009183.870127457,-1458.7044111266732,-32771.78893281116,45528.1667762408
6717,2,flange_bottom:flange_bottom,,91,0.85,0.3541666666666667,0.2,2,1,22,-0.22499999999999998,-0.075,3.0,0.0009,-0.24,-0.21,-0.09,-0.06,2440.868683245033,-42.677496967604384,-3031516.969140694,-1764.2280519679189,-12974.817140616788,67530.73079350716
6718,2,flange_bottom:flange_bottom,,91,0.85,0.3541666666666667,0.2,3,1,22,-0.195,-0.075,3.0,0.0009,-0.21,-0.18,-0.09,-0.06,4116.331178155611,48.43770753184799,-3054461.8188843383,-1924.7453706959884,-3543.617049759875,84936.82848363463
6719,2,flange_bottom:flange_bottom,,91,0.85,0.3541666666666667,0.2,4,1,22,-0.16499999999999998,-0.075,3.0,0.0009,-0.18,-0.15,-0.09,-0.06,5951.672220414272,194.20201301330235,-3077941.9940270963,-1993.7409367809694,2468.123268748013,99940.76746275152
6720,2,flange_bottom:flange_bottom,,91,0.85,0.3541666666666667,0.2,5,1,22,-0.135,-0.075,3.0,0.0009,-0.15,-0.12,-0.09,-0.06,7855.300487561268,-510.2465068871388,-3102089.9701467855,-2086.075059781472,9368.529289900016,112793.03436430886
6721,2,flange_bottom:flange_bottom,,91,0.85,0.3541666666666667,0.2,6,1,22,-0.105,-0.075,3.0,0.0009,-0.12,-0.09,-0.09,-0.06,11024.086211131886,-2683.443093773676,-3126649.7459994573,-648.3947267532349,20388.025180116918,121044.65974057931
6722,2,flange_bottom:flange_bottom,,91,0.85,0.3541666666666667,0.2,7,1,22,-0.075,-0.075,3.0,0.0009,-0.09,-0.06,-0.09,-0.06,13682.24957548827,-5356.0091216341825,-3151515.66008252,3899.4016155873737,36980.273105244465,120236.05043169856
6723,2,flange_bottom:flange_bottom,,91,0.85,0.3541666666666667,0.2,8,1,22,-0.045,-0.075,3.0,0.0009,-0.06,-0.03,-0.09,-0.06,14744.834655860788,-5763.256777301547,-3175861.093542809,10795.960974261165,57510.43827044747,105059.60298638916
6724,2,flange_bottom:flange_bottom,,91,0.85,0.3541666666666667,0.2,9,1,22,-0.015,-0.075,3.0,0.0009,-0.03,0.0,-0.09,-0.06,12351.291954286862,-2111.723214281141,-3199104.445530723,16688.17428370565,76900.45931191898,72994.44888496617
6725,2,flange_bottom:flange_bottom,,91,0.85,0.3541666666666667,0.2,10,1,22,0.015,-0.075,3.0,0.0009,0.0,0.03,-0.09,-0.06,7325.676997556933,4090.003527991241,-3220798.4118051757,16980.872891577583,87269.10865593827,26224.631924284004
6726,2,flange_bottom:flange_bottom,,91,0.85,0.3541666666666667,0.2,11,1,22,0.045,-0.075,3.0,0.0009,0.03,0.06,-0.09,-0.06,3118.059357592603,8153.097920098458,-3240907.301824685,10923.00632831951,82861.85220490303,-23755.052439467363
6727,2,flange_bottom:flange_bottom,,91,0.85,0.3541666666666667,0.2,12,1,22,0.074,-0.075,3.0,0.0008399999999999999,0.06,0.088,-0.09,-0.06,2079.300835939124,7763.640936458483,-3259040.9261224866,3358.087140187621,65576.11332921404,-62776.92380880627
6728,2,flange_bottom:flange_bottom,,91,0.85,0.3541666666666667,0.2,13,1,22,0.10200000000000001,-0.075,3.0,0.0008400000000000003,0.088,0.116,-0.09,-0.06,1957.9117467910983,4273.299393979134,-3276013.9092049934,-1853.2150803655386,44428.256502063945,-81714.78852757346
6729,2,flange_bottom:flange_bottom,,91,0.85,0.3541666666666667,0.2,14,1,22,0.13,-0.075,3.0,0.0008400000000000003,0.116,0.14400000000000002,-0.09,-0.06,2933.033587148064,932.1311539718881,-3292432.147224263,-3532.9719175746045,28298.490285754826,-85464.57299140158
6730,2,flange_bottom:flange_bottom,,91,0.85,0.3541666666666667,0.2,15,1,22,0.15800000000000003,-0.075,3.0,0.0008399999999999999,0.14400000000000002,0.17200000000000001,-0.09,-0.06,1928.9970087747788,-636.4970458686585,-3309011.159649555,-2893.3832079494996,22264.865985685028,-79860.57407090906
6731,2,flange_bottom:flange_bottom,,91,0.85,0.3541666666666667,0.2,16,1,22,0.186,-0.075,3.0,0.0008399999999999999,0.17200000000000001,0.2,-0.09,-0.06,1145.4705465114675,-533.5953074073186,-3325538.356872246,-2182.489622200529,28187.579846867982,-72860.25871661492
6732,3,flange_bottom_right:flange_bottom_right,,92,0.5,0.20833333333333334,0.2,17,1,22,0.2138888888888889,-0.075,3.0,0.0008333333333333337,0.2,0.2277777777777778,-0.09,-0.06,577.243597217137,-112.12797801953275,-1965463.4822997155,-1521.966461663445,15235.676301419735,-65264.27677562771
6733,3,flange_bottom_right:flange_bottom_right,,92,0.5,0.20833333333333334,0.2,18,1,22,0.24166666666666667,-0.075,3.0,0.000833333333333332,0.2277777777777778,0.25555555555555554,-0.09,-0.06,115.23817929584766,-55.982783069019206,-1974471.1034789463,-1485.8098376790683,8097.200119290501,-56945.272593035676
6734,3,flange_bottom_right:flange_bottom_right,,92,0.5,0.20833333333333334,0.2,19,1,22,0.26944444444444443,-0.075,3.0,0.0008333333333333337,0.25555555555555554,0.2833333333333333,-0.09,-0.06,-183.24410390947014,-61.564447233162355,-1983676.9504015883,-1380.0688460469246,4816.798477442935,-47460.223643776655
6735,3,flange_bottom_right:flange_bottom_right,,92,0.5,0.20833333333333334,0.2,20,1,22,0.2972222222222222,-0.075,3.0,0.0008333333333333337,0.2833333333333333,0.3111111111111111,-0.09,-0.06,-423.4726571489591,-82.31220904382644,-1993133.9514779295,-1308.108031898737,3751.824045159544,-37326.64593484874
6736,3,flange_bottom_right:flange_bottom_right,,92,0.5,0.20833333333333334,0.2,21,1,22,0.325,-0.075,3.0,0.0008333333333333337,0.3111111111111111,0.3388888888888889,-0.09,-0.06,-546.6665863132803,-76.05641154991463,-2002842.3808252946,-1252.4701779087386,4244.141616423925,-27093.65902007868
6737,3,flange_bottom_right:flange_bottom_right,,92,0.5,0.20833333333333334,0.2,22,1,22,0.3527777777777778,-0.075,3.0,0.0008333333333333337,0.3388888888888889,0.3666666666666667,-0.09,-0.06,-555.3199470142135,-73.53733462962555,-2012811.0830000374,-1182.1633364756904,6598.36169000715,-17251.97850611061
6738,3,flange_bottom_right:flange_bottom_right,,92,0.5,0.20833333333333334,0.2,23,1,22,0.38055555555555554,-0.075,3.0,0.000833333333333332,0.3666666666666667,0.39444444444444443,-0.09,-0.06,-468.2492578434176,-73.53938862378709,-2023025.4937134124,-1065.5878715217113,12260.581382379558,-8543.439547733095
6739,3,flange_bottom_right:flange_bottom_right,,92,0.5,0.20833333333333334,0.2,24,1,22,0.4083333333333333,-0.075,3.0,0.0008333333333333337,0.39444444444444443,0.4222222222222222,-0.09,-0.06,-315.86120898637455,-97.27091212867526,-2033442.7014185372,-856.8472154438496,24736.20084801068,-2450.23396420603
6740,3,flange_bottom_right:flange_bottom_right,,92,0.5,0.20833333333333334,0.2,25,1,22,0.4361111111111111,-0.075,3.0,0.0008333333333333337,0.4222222222222222,0.45,-0.09,-0.06,-147.27721868507797,-52.82878635410452,-2043955.1542695547,-413.3176829914252,50229.34778935897,-405.56508683909976
6741,2,flange_bottom:flange_bottom,,91,0.85,0.3541666666666667,0.2,0,2,22,-0.28500000000000003,-0.045,3.0,0.0008999999999999991,-0.3,-0.27,-0.06,-0.03,-234.10946553875692,-48.962038850877434,-2758421.806515069,-737.1397606184086,-74958.91343191701,-1671.1749661900103
6742,2,flange_bottom:flange_bottom,,91,0.85,0.3541666666666667,0.2,1,2,22,-0.255,-0.045,3.0,0.0009000000000000007,-0.27,-0.24,-0.06,-0.03,-602.8550762092927,-113.71832817513496,-2780395.150359273,-1470.6796610727906,-32771.98109763551,-2260.1933114618687
6743,2,flange_bottom:flange_bottom,,91,0.85,0.3541666666666667,0.2,2,2,22,-0.22499999999999998,-0.045,3.0,0.0009,-0.24,-0.21,-0.06,-0.03,-978.3922870024107,-38.662252475041896,-2802474.1883605616,-1739.2132257247965,-12973.22100262437,4574.869804437583
6744,2,flange_bottom:flange_bottom,,91,0.85,0.3541666666666667,0.2,3,2,22,-0.195,-0.045,3.0,0.0009,-0.21,-0.18,-0.06,-0.03,-1277.7090376884444,81.3995080696186,-2824876.176890025,-1771.3831150233746,-3535.657015505247,15999.860099915106
6745,2,flange_bottom:flange_bottom,,91,0.85,0.3541666666666667,0.2,4,2,22,-0.16499999999999998,-0.045,3.0,0.0009,-0.18,-0.15,-0.06,-0.03,-1512.7723514764803,100.99531599017791,-2847760.099333088,-1643.8717066844306,2548.278395737832,29781.12302079952
6746,2,flange_bottom:flange_bottom,,91,0.85,0.3541666666666667,0.2,5,2,22,-0.135,-0.045,3.0,0.0009,-0.15,-0.12,-0.06,-0.03,-1643.7729921210557,130.87052211991977,-2871191.2922621085,-1460.2409302865467,9746.737213575592,45418.98207536682
6747,2,flange_bottom:flange_bottom,,91,0.85,0.3541666666666667,0.2,6,2,22,-0.105,-0.045,3.0,0.0009,-0.12,-0.09,-0.06,-0.03,-1485.7039751065895,-3884.979901400977,-2896027.4270754685,-2803.3091414819164,25678.904126264468,63286.90930213997
6748,2,flange_bottom:flange_bottom,,91,0.85,0.3541666666666667,0.2,7,2,22,-0.075,-0.045,3.0,0.0009,-0.09,-0.06,-0.06,-0.03,5615.835142701748,-11176.241671755328,-2920621.3296871604,625.3813252722224,55387.728697426,71746.04882794588
6749,2,flange_bottom:flange_bottom,,91,0.85,0.3541666666666667,0.2,8,2,22,-0.045,-0.045,3.0,0.0009,-0.06,-0.03,-0.06,-0.03,10653.982223051251,-13175.943340585334,-2944420.6803538557,10818.942936946949,95480.10528825286,61147.366155797
6750,2,flange_bottom:flange_bottom,,91,0.85,0.3541666666666667,0.2,9,2,22,-0.015,-0.045,3.0,0.0009,-0.03,0.0,-0.06,-0.03,12707.283010685467,-4460.673638301436,-2965608.2961136606,18901.559443061553,136691.92770183616,24017.11002641668
6751,2,flange_bottom:flange_bottom,,91,0.85,0.3541666666666667,0.2,10,2,22,0.015,-0.045,3.0,0.0009,0.0,0.03,-0.06,-0.03,14436.27213868138,10160.994981555385,-2983623.4185618507,19457.19699402402,164853.6654344524,-40188.865038729586
6752,2,flange_bottom:flange_bottom,,91,0.85,0.3541666666666667,0.2,11,2,22,0.045,-0.045,3.0,0.0009,0.03,0.06,-0.06,-0.03,14727.068538130145,20523.24514743779,-2999949.389030721,10890.326831012964,156291.4438628542,-124608.38390536234
6753,2,flange_bottom:flange_bottom,,91,0.85,0.3541666666666667,0.2,12,2,22,0.074,-0.045,3.0,0.0008399999999999999,0.06,0.088,-0.06,-0.03,16411.17364190833,17889.9407131247,-3015567.3717540717,-1558.111048258841,114464.12495807931,-178194.21047680703
6754,2,flange_bottom:flange_bottom,,91,0.85,0.3541666666666667,0.2,13,2,22,0.10200000000000001,-0.045,3.0,0.0008400000000000003,0.088,0.116,-0.06,-0.03,23533.9238585477,7124.938455972006,-3029968.294559906,-6128.357032882671,63894.538256051645,-198052.7625177841
6755,2,flange_bottom:flange_bottom,,91,0.85,0.3541666666666667,0.2,14,2,22,0.13,-0.045,3.0,0.0008400000000000003,0.116,0.14400000000000002,-0.06,-0.03,19282.138338165125,-176.69361725996714,-3046077.9780563554,-2639.629178317885,30312.54917159956,-177595.57290484355
6756,2,flange_bottom:flange_bottom,,91,0.85,0.3541666666666667,0.2,15,2,22,0.15800000000000003,-0.045,3.0,0.0008399999999999999,0.14400000000000002,0.17200000000000001,-0.06,-0.03,15296.583013998694,-392.8927473813528,-3061524.041565659,-2205.5849681844315,22659.34863644652,-157903.89814360844
6757,2,flange_bottom:flange_bottom,,91,0.85,0.3541666666666667,0.2,16,2,22,0.186,-0.045,3.0,0.0008399999999999999,0.17200000000000001,0.2,-0.06,-0.03,12110.356701670215,-1019.7987140237819,-3077708.4950046516,-1905.9626971135538,28244.759548768714,-138310.09853599904
6758,3,flange_bottom_right:flange_bottom_right,,92,0.5,0.20833333333333334,0.2,17,2,22,0.2138888888888889,-0.045,3.0,0.0008333333333333337,0.2,0.2277777777777778,-0.06,-0.03,9997.351576513029,200.55065254151123,-1818192.6304643715,-1530.3579014539719,15242.882188512012,-121607.07717153244
6759,3,flange_bottom_right:flange_bottom_right,,92,0.5,0.20833333333333334,0.2,18,2,22,0.24166666666666667,-0.045,3.0,0.000833333333333332,0.2277777777777778,0.25555555555555554,-0.06,-0.03,8185.69838727609,-20.985702745616436,-1826510.160117659,-1494.0682531644902,8098.494527588288,-108069.38890365884
6760,3,flange_bottom_right:flange_bottom_right,,92,0.5,0.20833333333333334,0.2,19,2,22,0.26944444444444443,-0.045,3.0,0.0008333333333333337,0.25555555555555554,0.2833333333333333,-0.06,-0.03,6423.619245231152,-95.02774266898632,-1835165.4037468282,-1360.2940262109041,4817.120214899382,-95661.53883868828
6761,3,flange_bottom_right:flange_bottom_right,,92,0.5,0.20833333333333334,0.2,20,2,22,0.2972222222222222,-0.045,3.0,0.0008333333333333337,0.2833333333333333,0.3111111111111111,-0.06,-0.03,4882.959491158195,-73.78436863323441,-1844105.2994556623,-1299.763609369596,3751.9290722720325,-83868.84345083809
6762,3,flange_bottom_right:flange_bottom_right,,92,0.5,0.20833333333333334,0.2,21,2,22,0.325,-0.045,3.0,0.0008333333333333337,0.3111111111111111,0.3388888888888889,-0.06,-0.03,3518.089057934005,-73.62538665177999,-1853352.2067869836,-1249.2218440274398,4244.179567579801,-72142.25343653001
6763,3,flange_bottom_right:flange_bottom_right,,92,0.5,0.20833333333333334,0.2,22,2,22,0.3527777777777778,-0.045,3.0,0.0008333333333333337,0.3388888888888889,0.3666666666666667,-0.06,-0.03,2329.9991531695123,-71.0330145485932,-1862909.831908262,-1180.4190375904243,6598.381630548587,-59990.602540823944
6764,3,flange_bottom_right:flange_bottom_right,,92,0.5,0.20833333333333334,0.2,23,2,22,0.38055555555555554,-0.045,3.0,0.000833333333333332,0.3666666666666667,0.39444444444444443,-0.06,-0.03,1336.3677248751046,-67.88194062764524,-1872803.8232939064,-1061.8677693853776,12260.634408689415,-46671.79042691986
6765,3,flange_bottom_right:flange_bottom_right,,92,0.5,0.20833333333333334,0.2,24,2,22,0.4083333333333333,-0.045,3.0,0.0008333333333333337,0.39444444444444443,0.4222222222222222,-0.06,-0.03,568.3341889387812,-46.18915297772037,-1883088.3137884634,-849.6349705259006,24736.558096005272,-30703.31103187365
6766,3,flange_bottom_right:flange_bottom_right,,92,0.5,0.20833333333333334,0.2,25,2,22,0.4361111111111111,-0.045,3.0,0.0008333333333333337,0.4222222222222222,0.45,-0.06,-0.03,81.76973112177802,-118.2020911782165,-1893884.0733276624,-407.27470750610036,50231.09369050091,-10652.69605847386
6767,2,flange_bottom:flange_bottom,,91,0.85,0.3541666666666667,0.2,0,3,22,-0.28500000000000003,-0.015,3.0,0.0008999999999999991,-0.3,-0.27,-0.03,0.0,-572.2277157427743,-2.9368552116211504,-2529774.153923721,-258.7488671417038,-36776.60876630247,-29859.787844763137
6768,2,flange_bottom:flange_bottom,,91,0.85,0.3541666666666667,0.2,1,3,22,-0.255,-0.015,3.0,0.0009000000000000007,-0.27,-0.24,-0.03,0.0,-2109.5967557074036,-101.62926251231693,-2551833.7688151626,-659.2705202202003,-13274.988911058133,-58320.98543589221
6769,2,flange_bottom:flange_bottom,,91,0.85,0.3541666666666667,0.2,2,3,22,-0.22499999999999998,-0.015,3.0,0.0009,-0.24,-0.21,-0.03,0.0,-4317.011773501872,-55.55204953509383,-2573496.4805634543,-797.7504765689373,-5339.708793349875,-61981.447069614194
6770,2,flange_bottom:flange_bottom,,91,0.85,0.3541666666666667,0.2,3,3,22,-0.195,-0.015,3.0,0.0009,-0.21,-0.18,-0.03,0.0,-6569.7422921874095,-54.248393091605976,-2595285.311029755,-769.3771584456166,-1415.976992612084,-54855.15517926713
6771,2,flange_bottom:flange_bottom,,91,0.85,0.3541666666666667,0.2,4,3,22,-0.16499999999999998,-0.015,3.0,0.0009,-0.18,-0.15,-0.03,0.0,-8493.527572758263,86.48463661724236,-2617381.746432116,-599.3867274721464,1107.8347735774394,-41959.00708149591
6772,2,flange_bottom:flange_bottom,,91,0.85,0.3541666666666667,0.2,5,3,22,-0.135,-0.015,3.0,0.0009,-0.15,-0.12,-0.03,0.0,-9891.220284916693,-377.27003856154624,-2640114.0924427058,-379.54759448270005,4353.724615911953,-24037.255693601135
6773,2,flange_bottom:flange_bottom,,91,0.85,0.3541666666666667,0.2,6,3,22,-0.105,-0.015,3.0,0.0009,-0.12,-0.09,-0.03,0.0,-11012.12074842886,776.9209474601084,-2663371.307916326,-459.38630935301387,10223.283895624181,2461.7852435664586
6774,2,flange_bottom:flange_bottom,,91,0.85,0.3541666666666667,0.2,7,3,22,-0.075,-0.015,3.0,0.0009,-0.09,-0.06,-0.03,0.0,-14865.77007089497,-16194.441054023919,-2692520.569686734,-8529.47643642376,57148.486901227385,56668.708388736166
6775,2,flange_bottom:flange_bottom,,91,0.85,0.3541666666666667,0.2,8,3,22,-0.045,-0.015,3.0,0.0009,-0.06,-0.03,-0.03,0.0,-2163.5691762373317,-23545.462454552646,-2717077.534706856,6408.296711191535,137885.23649792996,44012.39248542705
6776,2,flange_bottom:flange_bottom,,91,0.85,0.3541666666666667,0.2,9,3,22,-0.015,-0.015,3.0,0.0009,-0.03,0.0,-0.03,0.0,8672.44678189361,-4210.005612965324,-2735021.526738017,12954.455486329894,203508.76471898644,-5567.29030110625
6777,2,flange_bottom:flange_bottom,,91,0.85,0.3541666666666667,0.2,10,3,22,0.015,-0.015,3.0,0.0009,0.0,0.03,-0.03,0.0,20047.79785928526,17407.87254735164,-2749969.9212572053,11764.922843982777,268213.18389008136,-71738.84846514091
6778,2,flange_bottom:flange_bottom,,91,0.85,0.3541666666666667,0.2,11,3,22,0.045,-0.015,3.0,0.0009,0.03,0.06,-0.03,0.0,34160.031664018985,41084.70764564304,-2759904.507763926,2710.0702129329247,305075.6303152129,-219134.37704292656
6779,2,flange_bottom:flange_bottom,,91,0.85,0.3541666666666667,0.2,12,3,22,0.074,-0.015,3.0,0.0008399999999999999,0.06,0.088,-0.03,0.0,55800.53107605933,28018.702545321546,-2768959.9119380247,-17995.56624744336,170598.42757652732,-425987.1701851186
6780,2,flange_bottom:flange_bottom,,91,0.85,0.3541666666666667,0.2,13,3,22,0.10200000000000001,-0.015,3.0,0.0008400000000000003,0.088,0.116,-0.03,0.0,39875.42667173827,-1203.3548588578124,-2786809.158811178,-1755.0109499717753,26703.175525745068,-313517.1477014845
6781,2,flange_bottom:flange_bottom,,91,0.85,0.3541666666666667,0.2,14,3,22,0.13,-0.015,3.0,0.0008400000000000003,0.116,0.14400000000000002,-0.03,0.0,32831.88488694513,446.9041280042147,-2799597.3258108683,-617.2203777854642,13573.311543846814,-267378.0142648273
6782,2,flange_bottom:flange_bottom,,91,0.85,0.3541666666666667,0.2,15,3,22,0.15800000000000003,-0.015,3.0,0.0008399999999999999,0.14400000000000002,0.17200000000000001,-0.03,0.0,27715.795349437394,-295.35297772765625,-2813947.295883608,-525.7536127517621,9483.706218102327,-236214.23969659148
6783,2,flange_bottom:flange_bottom,,91,0.85,0.3541666666666667,0.2,16,3,22,0.186,-0.015,3.0,0.0008399999999999999,0.17200000000000001,0.2,-0.03,0.0,23263.780902668368,-869.5918435237836,-2829359.6853391784,-790.4506018906832,13416.319180936553,-205630.4547857456
6784,3,flange_bottom_right:flange_bottom_right,,92,0.5,0.20833333333333334,0.2,17,3,22,0.2138888888888889,-0.015,3.0,0.0008333333333333337,0.2,0.2277777777777778,-0.03,0.0,19375.450369550555,457.3244166368386,-1670749.044219987,-897.5447260340055,7326.999743251751,-176002.45792274675
6785,3,flange_bottom_right:flange_bottom_right,,92,0.5,0.20833333333333334,0.2,18,3,22,0.24166666666666667,-0.015,3.0,0.000833333333333332,0.2277777777777778,0.25555555555555554,-0.03,0.0,15957.139573821041,-126.91790852032136,-1678511.5395676915,-614.6907445788383,3384.4283906091005,-157694.54858113703
6786,3,flange_bottom_right:flange_bottom_right,,92,0.5,0.20833333333333334,0.2,19,3,22,0.26944444444444443,-0.015,3.0,0.0008333333333333337,0.25555555555555554,0.2833333333333333,-0.03,0.0,12927.069933510094,-62.3857184536173,-1686576.2676048672,-602.4800046533346,2044.7855677021048,-143270.97078111334
6787,3,flange_bottom_right:flange_bottom_right,,92,0.5,0.20833333333333334,0.2,20,3,22,0.2972222222222222,-0.015,3.0,0.0008333333333333337,0.2833333333333333,0.3111111111111111,-0.03,0.0,10121.989392668125,-70.8839441567543,-1695020.021577224,-587.6174158106248,1603.0004842548321,-130334.91218114272
6788,3,flange_bottom_right:flange_bottom_right,,92,0.5,0.20833333333333334,0.2,21,3,22,0.325,-0.015,3.0,0.0008333333333333337,0.3111111111111111,0.3388888888888889,-0.03,0.0,7521.537916421716,-66.16855255904375,-1703798.4226441053,-568.1532430897157,1806.756591424346,-117583.61745025963
6789,3,flange_bottom_right:flange_bottom_right,,92,0.5,0.20833333333333334,0.2,22,3,22,0.3527777777777778,-0.015,3.0,0.0008333333333333337,0.3388888888888889,0.3666666666666667,-0.03,0.0,5136.948956792825,-68.63175058591878,-1712926.4325651093,-539.5340927938621,2781.717421707387,-103831.109654891
6790,3,flange_bottom_right:flange_bottom_right,,92,0.5,0.20833333333333334,0.2,23,3,22,0.38055555555555554,-0.015,3.0,0.000833333333333332,0.3666666666666667,0.39444444444444443,-0.03,0.0,3021.4133915200946,-68.0889419663581,-1722453.3785255388,-487.51288677255314,5128.558338548368,-87284.08626228571
6791,3,flange_bottom_right:flange_bottom_right,,92,0.5,0.20833333333333334,0.2,24,3,22,0.4083333333333333,-0.015,3.0,0.0008333333333333337,0.39444444444444443,0.4222222222222222,-0.03,0.0,1299.629018091422,-52.06394426949555,-1732497.3042616537,-368.7433417638143,10217.403464987874,-64455.70797502063
6792,3,flange_bottom_right:flange_bottom_right,,92,0.5,0.20833333333333334,0.2,25,3,22,0.4361111111111111,-0.015,3.0,0.0008333333333333337,0.4222222222222222,0.45,-0.03,0.0,246.788749980391,-120.46975952270441,-1743348.608462792,-132.6792145272096,24676.996311272185,-27322.583616959553
6793,1,web:web,,90,0.85,0.3541666666666667,0.2,8,4,22,-0.045,0.01325,3.0,0.0007949999999999999,-0.06,-0.03,0.0,0.0265,-7425.2147794974735,-42840.27316411835,-2505942.8039275743,-6715.066873456041,209449.6373990265,20049.337227646574
6794,1,web:web,,90,0.85,0.3541666666666667,0.2,9,4,22,-0.015,0.01325,3.0,0.0007949999999999999,-0.03,0.0,0.0,0.0265,3931.193068669061,1503.1705217878334,-2519235.3003691686,1055.4009880746405,259569.68036784822,-16457.898851635866
6795,1,web:web,,90,0.85,0.3541666666666667,0.2,10,4,22,0.015,0.01325,3.0,0.0007949999999999999,0.0,0.03,0.0,0.0265,16703.95000530884,25101.73991305707,-2534631.603298984,-2712.3687635536,345660.845419587,-65256.63849913453
6796,1,web:web,,90,0.85,0.3541666666666667,0.2,11,4,22,0.045,0.01325,3.0,0.0007949999999999999,0.03,0.06,0.0,0.0265,26228.83794540516,79091.3702657515,-2542212.289726711,-19038.39753930519,563291.2745362564,-142058.75897629932
6797,1,web:web,,90,0.85,0.3541666666666667,0.2,8,5,22,-0.045,0.03975,3.0,0.0007949999999999999,-0.06,-0.03,0.0265,0.053,920.3936833097832,-33291.343208863225,-2301388.507869189,-4117.738693652054,220819.82606185786,-3708.290811454567
6798,1,web:web,,90,0.85,0.3541666666666667,0.2,9,5,22,-0.015,0.03975,3.0,0.0007949999999999999,-0.03,0.0,0.0265,0.053,1679.586681371904,3208.796086231596,-2318867.118077802,-8524.716826347014,298137.4545004129,-16045.810780374333
6799,1,web:web,,90,0.85,0.3541666666666667,0.2,10,5,22,0.015,0.03975,3.0,0.0007949999999999999,0.0,0.03,0.0265,0.053,6956.057465851889,40742.26698103582,-2334570.4185440233,-11235.114135692518,397020.56628438085,-38549.099287258156
6800,1,web:web,,90,0.85,0.3541666666666667,0.2,11,5,22,0.045,0.03975,3.0,0.0007949999999999999,0.03,0.06,0.0265,0.053,-153.26869911781978,74820.21339625074,-2353298.8659441113,-5306.742217684786,504274.3835358086,-18461.485731615998
6801,1,web:web,,90,0.85,0.3541666666666667,0.2,8,6,22,-0.045,0.06625,3.0,0.000795,-0.06,-0.03,0.053,0.0795,-3.925116648490075,-22480.229572917626,-2098795.747987735,-4772.7379245013,238006.93690289184,-3657.2687460491434
6802,1,web:web,,90,0.85,0.3541666666666667,0.2,9,6,22,-0.015,0.06625,3.0,0.000795,-0.03,0.0,0.053,0.0795,1108.5234349995153,11697.546984196757,-2117829.591963259,-10738.973450067144,319767.5378955578,-11607.974380913813
6803,1,web:web,,90,0.85,0.3541666666666667,0.2,10,6,22,0.015,0.06625,3.0,0.000795,0.0,0.03,0.053,0.0795,-124.68339773721527,44472.3783439371,-2137383.1752345725,-10300.410733590525,407374.718645722,-14638.195556853278
6804,1,web:web,,90,0.85,0.3541666666666667,0.2,11,6,22,0.045,0.06625,3.0,0.000795,0.03,0.06,0.053,0.0795,514.760303585208,75100.57602829306,-2157027.5000628233,-4148.212952521941,494767.6690539454,-7211.378267222395
6805,1,web:web,,90,0.85,0.3541666666666667,0.2,8,7,22,-0.045,0.09275,3.0,0.0007949999999999998,-0.06,-0.03,0.0795,0.106,-6.588010319333989,-10336.172012567054,-1896231.1804390743,-5063.888390523693,252628.18892790814,-2339.427564045725
6806,1,web:web,,90,0.85,0.3541666666666667,0.2,9,7,22,-0.015,0.09275,3.0,0.0007949999999999998,-0.03,0.0,0.0795,0.106,-343.44216035766294,19304.851181601523,-1917699.9058869928,-10699.855993516743,332766.60979823273,-6030.516143184776
6807,1,web:web,,90,0.85,0.3541666666666667,0.2,10,7,22,0.015,0.09275,3.0,0.0007949999999999998,0.0,0.03,0.0795,0.106,-217.92106725275517,48033.57994964067,-1939153.410601574,-10214.164073981345,415028.76923983207,-6632.375900610661
6808,1,web:web,,90,0.85,0.3541666666666667,0.2,11,7,22,0.045,0.09275,3.0,0.0007949999999999998,0.03,0.06,0.0795,0.106,-348.98202815820696,75712.52662225958,-1960896.795312731,-4368.069116239747,496503.8361705846,-2902.0902922932682
6809,1,web:web,,90,0.85,0.3541666666666667,0.2,8,8,22,-0.045,0.11925,3.0,0.0007950000000000002,-0.06,-0.03,0.106,0.1325,-166.67982402356574,1970.7428073243354,-1694058.435983025,-4944.17760720849,264131.9849372078,-1218.3447652204584
6810,1,web:web,,90,0.85,0.3541666666666667,0.2,9,8,22,-0.015,0.11925,3.0,0.0007950000000000002,-0.03,0.0,0.106,0.1325,-269.9888248494244,27125.638751848193,-1717579.2325714396,-10640.119505944353,342838.5976748442,-3016.069494987838
6811,1,web:web,,90,0.85,0.3541666666666667,0.2,10,8,22,0.015,0.11925,3.0,0.0007950000000000002,0.0,0.03,0.106,0.1325,-336.6984701587353,51842.13896049012,-1741120.5976364007,-10350.651941624781,422526.83513854386,-3118.863535899359
6812,1,web:web,,90,0.85,0.3541666666666667,0.2,11,8,22,0.045,0.11925,3.0,0.0007950000000000002,0.03,0.06,0.106,0.1325,-104.92506145359948,76255.5196852918,-1764673.0436088273,-4608.717659451067,501810.3520934284,-1321.697132048818
6813,1,web:web,,90,0.85,0.3541666666666667,0.2,8,9,22,-0.045,0.14575,3.0,0.0007949999999999998,-0.06,-0.03,0.1325,0.159,-80.29513981414493,14322.627413157665,-1492135.4379083065,-4846.500240184367,273525.7499971291,-616.5563699128106
6814,1,web:web,,90,0.85,0.3541666666666667,0.2,9,9,22,-0.015,0.14575,3.0,0.0007949999999999998,-0.03,0.0,0.1325,0.159,-180.82209262164542,35201.566321140446,-1517681.5652794554,-10585.906530886889,351426.9492619354,-1498.3875779171165
6815,1,web:web,,90,0.85,0.3541666666666667,0.2,10,9,22,0.015,0.14575,3.0,0.0007949999999999998,0.0,0.03,0.1325,0.159,-161.8685096752597,55972.42413502571,-1543186.3208252122,-10482.615067206323,429874.3438646303,-1517.2438413907464
6816,1,web:web,,90,0.85,0.3541666666666667,0.2,11,9,22,0.045,0.14575,3.0,0.0007949999999999998,0.03,0.06,0.1325,0.159,-101.03658271714812,76662.95435424853,-1568698.6975364692,-4735.511696388325,508217.96605353,-634.1570408524325
6817,1,web:web,,90,0.85,0.3541666666666667,0.2,8,10,22,-0.045,0.17225000000000001,3.0,0.0007949999999999998,-0.06,-0.03,0.159,0.1855,-54.88850195048144,26714.782657311356,-1290457.5432914807,-4808.612253894409,281522.386699494,-320.1947652036324
6818,1,web:web,,90,0.85,0.3541666666666667,0.2,9,10,22,-0.015,0.17225000000000001,3.0,0.0007949999999999998,-0.03,0.0,0.159,0.1855,-79.50951153680217,43506.74704859883,-1317959.4620913782,-10568.77597913891,359010.14322393516,-769.6476968247443
6819,1,web:web,,90,0.85,0.3541666666666667,0.2,10,10,22,0.015,0.17225000000000001,3.0,0.0007949999999999998,0.0,0.03,0.159,0.1855,-85.85458407440456,60277.304608627106,-1345434.1272037465,-10546.107076714437,436854.3715590804,-773.1487754362946
6820,1,web:web,,90,0.85,0.3541666666666667,0.2,11,10,22,0.045,0.17225000000000001,3.0,0.0007949999999999998,0.03,0.06,0.159,0.1855,-54.925687908311374,77050.09227927483,-1372897.0705432524,-4790.0739650428295,514760.7346902813,-323.12030987255275
6821,1,web:web,,90,0.85,0.3541666666666667,0.2,8,11,22,-0.045,0.19874999999999998,3.0,0.0007949999999999998,-0.06,-0.03,0.1855,0.212,-33.288238808192546,39181.33642532895,-1088957.4153688964,-4803.0039219086375,288504.0572685736,-182.4001737665385
6822,1,web:web,,90,0.85,0.3541666666666667,0.2,9,11,22,-0.015,0.19874999999999998,3.0,0.0007949999999999998,-0.03,0.0,0.1855,0.212,-41.513696628739126,51943.004272675345,-1118407.253904922,-10571.172949080667,365778.38377311704,-432.140198379755
6823,1,web:web,,90,0.85,0.3541666666666667,0.2,10,11,22,0.015,0.19874999999999998,3.0,0.0007949999999999998,0.0,0.03,0.1855,0.212,-42.0990264545253,64701.502994478506,-1147835.3874566688,-10572.97446745634,443321.22470855527,-432.8607424000899
6824,1,web:web,,90,0.85,0.3541666666666667,0.2,11,11,22,0.045,0.19874999999999998,3.0,0.0007949999999999998,0.03,0.06,0.1855,0.212,-40.45603309368016,77470.0340145611,-1177257.0778300818,-4808.349555328488,521009.87905075774,-182.82124191274247
6825,1,web:web,,90,0.85,0.3541666666666667,0.2,8,12,22,-0.045,0.22525,3.0,0.0007949999999999998,-0.06,-0.03,0.212,0.2385,-24.019704340258613,51724.80208572227,-887593.8706680514,-4807.391226738691,294663.26727701107,-122.97032807208598
6826,1,web:web,,90,0.85,0.3541666666666667,0.2,9,12,22,-0.015,0.22525,3.0,0.0007949999999999998,-0.03,0.0,0.212,0.2385,-24.46744417800801,60466.13871682223,-918987.4840082296,-10580.730912968516,371817.6012033547,-285.27109288113815
6827,1,web:web,,90,0.85,0.3541666666666667,0.2,10,12,22,0.015,0.22525,3.0,0.0007949999999999998,0.0,0.03,0.212,0.2385,-26.795106977864634,69201.84417678168,-950366.9362689822,-10585.413637210926,449198.67747129936,-285.45364421606064
6828,1,web:web,,90,0.85,0.3541666666666667,0.2,11,12,22,0.045,0.22525,3.0,0.0007949999999999998,0.03,0.06,0.212,0.2385,-29.475393996341154,77943.50433524072,-981742.9202575021,-4813.777480088174,526766.4681070404,-123.01262264202039
6829,1,web:web,,90,0.85,0.3541666666666667,0.2,8,13,22,-0.045,0.25175000000000003,3.0,0.0007950000000000007,-0.06,-0.03,0.2385,0.265,-16.35556314783753,64334.225036743825,-686329.4662863894,-4813.13531116893,300094.0379328318,-101.52559602633119
6830,1,web:web,,90,0.85,0.3541666666666667,0.2,9,13,22,-0.015,0.25175000000000003,3.0,0.0007950000000000007,-0.03,0.0,0.2385,0.265,-16.884076392190764,69048.81589624853,-719668.1050217111,-10591.014188607534,377167.99881194223,-230.3128918160995
6831,1,web:web,,90,0.85,0.3541666666666667,0.2,10,13,22,0.015,0.25175000000000003,3.0,0.0007950000000000007,0.0,0.03,0.2385,0.265,-18.732581011136062,73756.08765021546,-752997.0472260508,-10593.74529741953,454448.8183290648,-230.37389089291295
6832,1,web:web,,90,0.85,0.3541666666666667,0.2,11,13,22,0.045,0.25175000000000003,3.0,0.0007950000000000007,0.03,0.06,0.2385,0.265,-22.32289663006668,78465.91854147133,-786326.0069161444,-4816.405265266697,531935.9365552913,-101.52928273628156
6833,1,web:web,,90,0.85,0.3541666666666667,0.2,8,14,22,-0.045,0.27825,3.0,0.000794999999999999,-0.06,-0.03,0.265,0.2915,-9.434376229386544,76992.73604551436,-485131.6070336266,-4818.102227735023,304841.98062782985,-98.06449659479162
6834,1,web:web,,90,0.85,0.3541666666666667,0.2,9,14,22,-0.015,0.27825,3.0,0.000794999999999999,-0.03,0.0,0.265,0.2915,-10.469678196604946,77673.25462992844,-520416.3340826569,-10600.411619553965,381849.0534863441,-218.78750718260807
6835,1,web:web,,90,0.85,0.3541666666666667,0.2,10,14,22,0.015,0.27825,3.0,0.000794999999999999,0.0,0.03,0.265,0.2915,-12.448143071611412,78347.29755177928,-555694.937821688,-10601.348630274337,459053.8090691231,-218.81060401101908
6836,1,web:web,,90,0.85,0.3541666666666667,0.2,11,14,22,0.045,0.27825,3.0,0.000794999999999999,0.03,0.06,0.265,0.2915,-15.254247132921591,79024.14457089678,-590976.2721532653,-4819.116581700742,536473.8260050751,-98.07244899806878
6837,1,web:web,,90,0.85,0.3541666666666667,0.2,8,15,22,-0.045,0.30474999999999997,3.0,0.0007950000000000007,-0.06,-0.03,0.2915,0.318,-2.277180307028175,89682.79597593803,-283968.87131386413,-4822.353785862526,308928.54606864974,-102.43698091122012
6838,1,web:web,,90,0.85,0.3541666666666667,0.2,9,15,22,-0.015,0.30474999999999997,3.0,0.0007950000000000007,-0.03,0.0,0.2915,0.318,-3.756076994461182,86323.3363237172,-321200.93546710646,-10608.999882864457,385870.1232355299,-226.17168025299907
6839,1,web:web,,90,0.85,0.3541666666666667,0.2,10,15,22,0.015,0.30474999999999997,3.0,0.0007950000000000007,0.0,0.03,0.2915,0.318,-5.6875599124032306,82960.20380616642,-358429.86353626585,-10608.926392232379,463005.83556478284,-226.1787936401864
6840,1,web:web,,90,0.85,0.3541666666666667,0.2,11,15,22,0.045,0.30474999999999997,3.0,0.0007950000000000007,0.03,0.06,0.2915,0.318,-8.113812868497916,79602.25899008443,-395664.0936830032,-4822.198614940047,540360.1504330232,-102.44980251044035
6841,1,web:web,,90,0.85,0.3541666666666667,0.2,8,16,22,-0.045,0.33125,3.0,0.000794999999999999,-0.06,-0.03,0.318,0.3445,4.9765501205502005,102387.25773046011,-82810.32960103825,-4826.25006681184,312362.49248938204,-108.82843960138659
6842,1,web:web,,90,0.85,0.3541666666666667,0.2,9,16,22,-0.015,0.33125,3.0,0.000794999999999999,-0.03,0.0,0.318,0.3445,3.33758631679666,94983.14368693676,-121991.03277064467,-10617.072931230068,389235.35417690565,-238.4320541061461
6843,1,web:web,,90,0.85,0.3541666666666667,0.2,10,16,22,0.015,0.33125,3.0,0.000794999999999999,0.0,0.03,0.318,0.3445,1.392596305862753,87579.24881596761,-161171.42170440324,-10616.439731982848,466302.4929395287,-238.4304465285192
6844,1,web:web,,90,0.85,0.3541666666666667,0.2,11,16,22,0.045,0.33125,3.0,0.000794999999999999,0.03,0.06,0.318,0.3445,-0.808236078984919,80184.08582075653,-200359.48690592498,-4825.397584877908,543587.8807286497,-108.8431768467029
6845,1,web:web,,90,0.85,0.3541666666666667,0.2,8,17,22,-0.045,0.35775,3.0,0.0007950000000000007,-0.06,-0.03,0.3445,0.371,12.085644359809521,115089.17816348851,118374.91741938746,-4829.750175530712,315144.2640465889,-112.56677873246372
6846,1,web:web,,90,0.85,0.3541666666666667,0.2,9,17,22,-0.015,0.35775,3.0,0.0007950000000000007,-0.03,0.0,0.3445,0.371,9.799544557412446,103636.5905336509,77243.96832846645,-10624.484471529722,391945.4993694102,-244.2880816695591
6847,1,web:web,,90,0.85,0.3541666666666667,0.2,10,17,22,0.015,0.35775,3.0,0.0007950000000000007,0.0,0.03,0.3445,0.371,7.908230063403607,92188.74464157369,36110.61943999947,-10623.890419259667,468944.9533134252,-244.27189236382645
6848,1,web:web,,90,0.85,0.3541666666666667,0.2,11,17,22,0.045,0.35775,3.0,0.0007950000000000007,0.03,0.06,0.3445,0.371,6.274262908849778,80753.53798133942,-5032.523730002962,-4828.694279534122,546158.5069212529,-112.57308271030585
6849,1,web:web,,90,0.85,0.3541666666666667,0.2,8,18,22,-0.045,0.38425,3.0,0.000794999999999999,-0.06,-0.03,0.371,0.39749999999999996,18.202996447696933,127770.7541528928,319617.7711949436,-4831.807751146456,317265.7624740092,-107.55183544568717
6850,1,web:web,,90,0.85,0.3541666666666667,0.2,9,18,22,-0.015,0.38425,3.0,0.000794999999999999,-0.03,0.0,0.371,0.39749999999999996,13.645359294096124,112268.11179376603,276534.69606712606,-10630.087262863915,393997.8160584582,-228.98862783114117
6851,1,web:web,,90,0.85,0.3541666666666667,0.2,10,18,22,0.015,0.38425,3.0,0.000794999999999999,0.0,0.03,0.371,0.39749999999999996,11.593862500667456,96773.65837914683,233446.2288901409,-10631.8036756441,470938.0608185803,-228.9161416857193
6852,1,web:web,,90,0.85,0.3541666666666667,0.2,11,18,22,0.045,0.38425,3.0,0.000794999999999999,0.03,0.06,0.371,0.39749999999999996,12.565339734268491,81294.22748809133,190346.33808138326,-4832.876834673187,548082.2883833585,-107.50348486627142
6853,1,web:web,,90,0.85,0.3541666666666667,0.2,8,19,22,-0.045,0.41074999999999995,3.0,0.0007950000000000007,-0.06,-0.03,0.39749999999999996,0.424,22.616595495608635,140411.3599460263,520949.36878766667,-4829.421108501653,318705.3595809974,-82.9050792704026
6854,1,web:web,,90,0.85,0.3541666666666667,0.2,9,19,22,-0.015,0.41074999999999995,3.0,0.0007950000000000007,-0.03,0.0,0.39749999999999996,0.424,10.92142919584876,120863.9149565282,475912.05759628845,-10630.972286589444,395383.95766275935,-166.1783356362333
6855,1,web:web,,90,0.85,0.3541666666666667,0.2,10,19,22,0.015,0.41074999999999995,3.0,0.0007950000000000007,0.0,0.03,0.39749999999999996,0.424,9.455821445648326,101321.53647192984,430865.41824691725,-10641.670599137744,472292.38030405284,-165.89605012411874
6856,1,web:web,,90,0.85,0.3541666666666667,0.2,11,19,22,0.045,0.41074999999999995,3.0,0.0007950000000000007,0.03,0.06,0.39749999999999996,0.424,16.354108788189478,81788.24360539466,385805.3196819423,-4840.32828971992,549383.29834898,-82.63246508377294
6857,1,web:web,,90,0.85,0.3541666666666667,0.2,8,20,22,-0.045,0.43725,3.0,0.0007950000000000007,-0.06,-0.03,0.424,0.4505,22.883377403341,152984.30541046805,722400.9842434495,-4817.210274659097,319415.4319295436,-17.034101069594424
6858,1,web:web,,90,0.85,0.3541666666666667,0.2,9,20,22,-0.015,0.43725,3.0,0.0007950000000000007,-0.03,0.0,0.424,0.4505,1.8571603310992941,129414.37067426372,675409.3446426641,-10622.29143964251,396084.6684781201,-3.4075692550589642
6859,1,web:web,,90,0.85,0.3541666666666667,0.2,10,20,22,0.015,0.43725,3.0,0.0007950000000000007,0.0,0.03,0.424,0.4505,-1.7299981225805823,105824.4478680886,628398.3690703805,-10655.306104466319,473029.3021494678,-2.360135763262709
6860,1,web:web,,90,0.85,0.3541666666666667,0.2,11,20,22,0.045,0.43725,3.0,0.0007950000000000007,0.03,0.06,0.424,0.4505,18.728104103705846,82215.07772771675,581370.986767271,-4855.151738012831,550112.1015453413,-15.933181732272109
6861,1,web:web,,90,0.85,0.3541666666666667,0.2,8,21,22,-0.045,0.46375,3.0,0.000794999999999999,-0.06,-0.03,0.4505,0.477,30.317989925999427,165456.84530662667,924008.9085878213,-4791.7101917813225,319295.8226225066,133.83963881246746
6862,1,web:web,,90,0.85,0.3541666666666667,0.2,9,21,22,-0.015,0.46375,3.0,0.000794999999999999,-0.03,0.0,0.4505,0.477,-3.787691911973525,137910.4798527084,875063.3516546506,-10601.366860345006,396058.1309259559,366.402381795769
6863,1,web:web,,90,0.85,0.3541666666666667,0.2,10,21,22,0.015,0.46375,3.0,0.000794999999999999,0.0,0.03,0.4505,0.477,-0.32335371189401485,110280.99505138173,826080.0810222852,-10668.879992216825,473191.8198297223,370.60497791444266
6864,1,web:web,,90,0.85,0.3541666666666667,0.2,11,21,22,0.045,0.46375,3.0,0.000794999999999999,0.03,0.06,0.4505,0.477,17.495647015282884,82553.09667898304,777065.4192948858,-4878.366619375845,550373.3321747798,138.28393347002566
6865,1,web:web,,90,0.85,0.3541666666666667,0.2,8,22,22,-0.045,0.49024999999999996,3.0,0.000794999999999999,-0.06,-0.03,0.477,0.5035,46.97099735529628,177800.31303870745,1125815.600910675,-4772.821648955345,318139.9571482713,457.1087384726852
6866,1,web:web,,90,0.85,0.3541666666666667,0.2,9,22,22,-0.015,0.49024999999999996,3.0,0.000794999999999999,-0.03,0.0,0.477,0.5035,91.06924059306039,146331.98207990394,1074929.3739494681,-10583.386393383145,395213.916216325,1161.1865500478696
6867,1,web:web,,90,0.85,0.3541666666666667,0.2,10,22,22,0.015,0.49024999999999996,3.0,0.000794999999999999,0.0,0.03,0.477,0.5035,63.6122798997676,114675.03507970742,1023945.4808962352,-10651.539668798447,472865.2798140459,1181.1546460104487
6868,1,web:web,,90,0.85,0.3541666666666667,0.2,11,22,22,0.045,0.49024999999999996,3.0,0.000794999999999999,0.03,0.06,0.477,0.5035,59.501049776386935,82802.70089433604,972917.452832223,-4887.208510547876,550384.9821540627,477.43596507112187
6869,1,web:web,,90,0.85,0.3541666666666667,0.2,8,23,22,-0.045,0.51675,3.0,0.0007950000000000023,-0.06,-0.03,0.5035,0.53,216.5215610502055,190059.0556306051,1327920.3897535794,-4854.7518776158495,315533.6356154382,1113.9356371238828
6870,1,web:web,,90,0.85,0.3541666666666667,0.2,9,23,22,-0.015,0.51675,3.0,0.0007950000000000023,-0.03,0.0,0.5035,0.53,405.27628564753104,154554.3070751477,1275053.3901072391,-10650.886650574705,393348.9514418574,2813.96139093861
6871,1,web:web,,90,0.85,0.3541666666666667,0.2,10,23,22,0.015,0.51675,3.0,0.0007950000000000023,0.0,0.03,0.5035,0.53,482.39298369793687,118940.44958410654,1222062.6132252777,-10495.667256799838,472210.6616706904,2919.2224845240517
6872,1,web:web,,90,0.85,0.3541666666666667,0.2,11,23,22,0.045,0.51675,3.0,0.0007950000000000023,0.03,0.06,0.5035,0.53,128.36767026782036,83045.39999321045,1168943.133146134,-4774.235752364,550611.4353155693,1222.5624601878226
6873,1,web:web,,90,0.85,0.3541666666666667,0.2,8,24,22,-0.045,0.54325,3.0,0.000794999999999999,-0.06,-0.03,0.53,0.5565,328.53614449559245,202443.81992891862,1530410.6271029322,-5274.81894072642,310702.2445726047,2342.4459248774997
6874,1,web:web,,90,0.85,0.3541666666666667,0.2,9,24,22,-0.015,0.54325,3.0,0.000794999999999999,-0.03,0.0,0.53,0.5565,1534.1141064846306,162314.84290548685,1475568.2330817557,-11041.001663031679,389955.505647609,6098.88924619866
6875,1,web:web,,90,0.85,0.3541666666666667,0.2,10,24,22,0.015,0.54325,3.0,0.000794999999999999,0.0,0.03,0.53,0.5565,1377.9493847423582,122678.39060029166,1420392.1446837438,-9988.94770213465,471474.01513749675,6721.330968490492
6876,1,web:web,,90,0.85,0.3541666666666667,0.2,11,24,22,0.045,0.54325,3.0,0.000794999999999999,0.03,0.06,0.53,0.5565,735.8946019515861,83667.45457539952,1365288.042546043,-4198.074685178697,552097.7659803226,2926.1876477977885
6877,1,web:web,,90,0.85,0.3541666666666667,0.2,8,25,22,-0.045,0.56975,3.0,0.000794999999999999,-0.06,-0.03,0.5565,0.583,1409.1507177668973,215687.64884577316,1733756.3358433486,-6350.605444493393,302531.83923892304,3821.6807764582336
6878,1,web:web,,90,0.85,0.3541666666666667,0.2,9,25,22,-0.015,0.56975,3.0,0.000794999999999999,-0.03,0.0,0.5565,0.583,2625.9057896531885,168757.67383452854,1676258.6592890325,-12309.10915486763,383490.6401925124,12193.2341687195
6879,1,web:web,,90,0.85,0.3541666666666667,0.2,10,25,22,0.015,0.56975,3.0,0.000794999999999999,0.0,0.03,0.5565,0.583,4141.657412039116,125089.78267399102,1619074.8782088005,-8797.979002465805,470674.8746143344,15365.29804671742
6880,1,web:web,,90,0.85,0.3541666666666667,0.2,11,25,22,0.045,0.56975,3.0,0.000794999999999999,0.03,0.06,0.5565,0.583,776.5018600184121,85525.86604688902,1561769.9689614882,-2455.3197818522654,557490.9561082125,7545.375030153742
6881,1,web:web,,90,0.85,0.3541666666666667,0.2,8,26,22,-0.045,0.59625,3.0,0.000794999999999999,-0.06,-0.03,0.583,0.6094999999999999,1491.5720017901622,230637.21925230033,1937798.76536345,-9460.878562624257,291520.47454050684,4045.391606381163
6882,1,web:web,,90,0.85,0.3541666666666667,0.2,9,26,22,-0.015,0.59625,3.0,0.000794999999999999,-0.03,0.0,0.583,0.6094999999999999,7660.100145586417,172870.2570436789,1878086.9592158482,-13271.24085832884,367901.14863009506,17245.318939616904
6883,1,web:web,,90,0.85,0.3541666666666667,0.2,10,26,22,0.015,0.59625,3.0,0.000794999999999999,0.0,0.03,0.583,0.6094999999999999,1224.8741120481282,124362.17123467813,1816392.9284587959,-6084.340337301294,467145.1965901535,41020.01288295165
6884,1,web:web,,90,0.85,0.3541666666666667,0.2,11,26,22,0.045,0.59625,3.0,0.000794999999999999,0.03,0.06,0.583,0.6094999999999999,2806.413721013756,90534.42131880973,1758830.1613702814,148.23522190501293,575011.6135399789,19622.14455190053
6885,1,web:web,,90,0.85,0.3541666666666667,0.2,8,27,22,-0.045,0.6227499999999999,3.0,0.0007950000000000023,-0.06,-0.03,0.6094999999999999,0.636,21639.77805557713,249794.26830156508,2146862.7077172743,-23900.90730285148,286967.77201343514,-23371.685214324545
6886,1,web:web,,90,0.85,0.3541666666666667,0.2,9,27,22,-0.015,0.6227499999999999,3.0,0.0007950000000000023,-0.03,0.0,0.6094999999999999,0.636,3888.9465330665116,162877.6666164187,2076917.5714464197,1748.6273232946794,333026.1113745949,19166.196836715564
6887,1,web:web,,90,0.85,0.3541666666666667,0.2,10,27,22,0.015,0.6227499999999999,3.0,0.0007950000000000023,0.0,0.03,0.6094999999999999,0.636,-12001.150479071192,131901.37949600158,2015541.6880542238,1290.4346732348204,421542.3247217778,71304.195115267
6888,1,web:web,,90,0.85,0.3541666666666667,0.2,11,27,22,0.045,0.6227499999999999,3.0,0.0007950000000000023,0.03,0.06,0.6094999999999999,0.636,-19722.48846079025,96494.93778715108,1948634.520321528,-4486.220976375043,644812.7848938282,148123.4085105136
6889,0,flange:flange,,89,1.0,0.4166666666666667,0.2,0,28,22,-0.28500000000000003,0.651,3.0,0.0009,-0.3,-0.27,0.636,0.666,651.5470894654281,-477.0727675179951,3189406.572668196,93.14430842796962,-3577.1174543350935,33274.82085607946
6890,0,flange:flange,,89,1.0,0.4166666666666667,0.2,1,28,22,-0.255,0.651,3.0,0.0009000000000000016,-0.27,-0.24,0.636,0.666,2303.059666016139,249.98771828506142,3129921.545369472,-9.203530748685202,22715.378699563444,64054.926172581814
6891,0,flange:flange,,89,1.0,0.4166666666666667,0.2,2,28,22,-0.22499999999999998,0.651,3.0,0.0009000000000000007,-0.24,-0.21,0.636,0.666,4619.555628434406,309.97046177391894,3070424.8512281026,-84.41876028974852,31137.659721585613,66549.55438517034
6892,0,flange:flange,,89,1.0,0.4166666666666667,0.2,3,28,22,-0.195,0.651,3.0,0.0009000000000000007,-0.21,-0.18,0.636,0.666,6616.044096150086,142.211099389242,3011126.079102374,252.4005841712157,34975.94944677006,56835.474824147925
6893,0,flange:flange,,89,1.0,0.4166666666666667,0.2,4,28,22,-0.16499999999999998,0.651,3.0,0.0009000000000000007,-0.18,-0.15,0.636,0.666,6907.95334120607,-948.3586453272728,2951849.202186229,1793.6130438248317,37268.31857614219,40602.13624000549
6894,0,flange:flange,,89,1.0,0.4166666666666667,0.2,5,28,22,-0.135,0.651,3.0,0.0009000000000000007,-0.15,-0.12,0.636,0.666,3631.2016500596656,512.0405546763213,2893067.6287508137,4574.587606092295,40517.861175897226,18548.307446067534
6895,0,flange:flange,,89,1.0,0.4166666666666667,0.2,6,28,22,-0.105,0.651,3.0,0.0009000000000000007,-0.12,-0.09,0.636,0.666,-1810.7899215754587,-3736.6499378095614,2833653.8486224287,5985.5281764268875,47081.17160651833,-13825.011951103806
6896,0,flange:flange,,89,1.0,0.4166666666666667,0.2,7,28,22,-0.075,0.651,3.0,0.0009000000000000007,-0.09,-0.06,0.636,0.666,11889.752635686891,75593.72662409325,2795220.314638098,-34129.075176119804,105116.5901988124,-80097.14937837175
6897,0,flange:flange,,89,1.0,0.4166666666666667,0.2,8,28,22,-0.045,0.651,3.0,0.0009000000000000007,-0.06,-0.03,0.636,0.666,-5306.462474225205,170607.90846391703,2753291.6321481927,-1999.942474414905,203194.86766505986,-58889.405880868435
6898,0,flange:flange,,89,1.0,0.4166666666666667,0.2,9,28,22,-0.015,0.651,3.0,0.0009000000000000007,-0.03,0.0,0.636,0.666,-22616.50414858421,170045.17434015468,2691008.5666637328,20921.92833006382,276620.9310674295,8389.773704173665
6899,0,flange:flange,,89,1.0,0.4166666666666667,0.2,10,28,22,0.015,0.651,3.0,0.0009000000000000007,0.0,0.03,0.636,0.666,-37888.97141322063,141341.45959174068,2620821.956027564,16333.523729791244,343565.7631925742,90086.43119876584
6900,0,flange:flange,,89,1.0,0.4166666666666667,0.2,11,28,22,0.045,0.651,3.0,0.0009000000000000007,0.03,0.06,0.636,0.666,-53643.23923491547,89398.65614962467,2542206.0206189007,17462.95225997766,372945.4272557671,261921.83790436637
6901,0,flange:flange,,89,1.0,0.4166666666666667,0.2,12,28,22,0.074,0.651,3.0,0.0008400000000000007,0.06,0.088,0.636,0.666,-79809.9762306899,22976.569620341994,2458988.4138914775,7206.179342865944,216799.60904428115,481092.4106883755
6902,0,flange:flange,,89,1.0,0.4166666666666667,0.2,13,28,22,0.10200000000000001,0.651,3.0,0.0008400000000000011,0.088,0.116,0.636,0.666,-70970.24483793718,239.62568828224903,2392028.8216958195,-3381.6898817320666,58082.06191654007,357862.5755504395
6903,0,flange:flange,,89,1.0,0.4166666666666667,0.2,14,28,22,0.13,0.651,3.0,0.0008400000000000011,0.116,0.14400000000000002,0.636,0.666,-57558.88989534014,-305.4103962930967,2329359.464321617,-1960.8222681780658,41424.38472580165,309566.6363332793
6904,0,flange:flange,,89,1.0,0.4166666666666667,0.2,15,28,22,0.15800000000000003,0.651,3.0,0.0008400000000000007,0.14400000000000002,0.17200000000000001,0.636,0.666,-47034.701525668206,-478.49822243041126,2267260.7808324695,188.8675477107366,33556.54061975579,281393.08782172704
6905,0,flange:flange,,89,1.0,0.4166666666666667,0.2,16,28,22,0.186,0.651,3.0,0.0008400000000000007,0.17200000000000001,0.2,0.636,0.666,-39550.461621135415,83.41083784907823,2205399.141105066,1400.6866090993087,29989.533684762817,261312.86381064606
6906,0,flange:flange,,89,1.0,0.4166666666666667,0.2,17,28,22,0.2138888888888889,0.651,3.0,0.0008333333333333345,0.2,0.2277777777777778,0.636,0.666,-33590.73676034389,362.6069989842945,2143990.419677065,1678.6540480454764,28025.720420603953,244888.28273456544
6907,0,flange:flange,,89,1.0,0.4166666666666667,0.2,18,28,22,0.24166666666666667,0.651,3.0,0.0008333333333333327,0.2277777777777778,0.25555555555555554,0.636,0.666,-28275.242750350735,429.865027885593,2083150.95481178,1595.6853245695434,26817.167128697038,230158.97825401276
6908,0,flange:flange,,89,1.0,0.4166666666666667,0.2,19,28,22,0.26944444444444443,0.651,3.0,0.0008333333333333345,0.25555555555555554,0.2833333333333333,0.636,0.666,-23245.583793212485,431.35168541024905,2022696.9466009901,1427.5975705683231,26041.874650803707,216080.90116416416
6909,0,flange:flange,,89,1.0,0.4166666666666667,0.2,20,28,22,0.2972222222222222,0.651,3.0,0.0008333333333333345,0.2833333333333333,0.3111111111111111,0.636,0.666,-18434.607491627685,422.44234819180565,1962640.5369715723,1260.694480588039,25669.196602987748,201963.02142471075
6910,0,flange:flange,,89,1.0,0.4166666666666667,0.2,21,28,22,0.325,0.651,3.0,0.0008333333333333345,0.3111111111111111,0.3388888888888889,0.636,0.666,-13861.574751689157,430.3527839689632,1902989.491149394,1104.1888117293518,25914.699991047382,186959.0038563311
6911,0,flange:flange,,89,1.0,0.4166666666666667,0.2,22,28,22,0.3527777777777778,0.651,3.0,0.0008333333333333345,0.3388888888888889,0.3666666666666667,0.636,0.666,-9584.879145158571,471.6957386501017,1843769.3346786664,946.3692185282707,27371.027890170615,169545.8898005883
6912,0,flange:flange,,89,1.0,0.4166666666666667,0.2,23,28,22,0.38055555555555554,0.651,3.0,0.0008333333333333327,0.3666666666666667,0.39444444444444443,0.636,0.666,-5720.694844232174,571.8905414082692,1785049.662692522,772.4433439970016,31374.125767412286,146588.4508836021
6913,0,flange:flange,,89,1.0,0.4166666666666667,0.2,24,28,22,0.4083333333333333,0.651,3.0,0.0008333333333333345,0.39444444444444443,0.4222222222222222,0.636,0.666,-2519.581553840777,766.6219497679267,1726992.0128069157,587.6604210337003,40678.463009782135,111443.31961912414
6914,0,flange:flange,,89,1.0,0.4166666666666667,0.2,25,28,22,0.4361111111111111,0.651,3.0,0.0008333333333333345,0.4222222222222222,0.45,0.636,0.666,-533.1218411359005,1566.7622078128043,1669856.4968281158,309.93726521730423,68268.65590788424,48510.172245539725
6915,0,flange:flange,,89,1.0,0.4166666666666667,0.2,0,29,22,-0.28500000000000003,0.681,3.0,0.0008999999999999966,-0.3,-0.27,0.666,0.696,252.19519937015139,-1372.6029195490992,3459574.0496563003,-802.5027776757877,-43727.90839996189,902.0887925600013
6916,0,flange:flange,,89,1.0,0.4166666666666667,0.2,1,29,22,-0.255,0.681,3.0,0.0008999999999999982,-0.27,-0.24,0.666,0.696,518.6582839862676,-212.3001582545694,3399460.743057132,-1626.1829007168612,4043.389906398952,-328.70775961627567
6917,0,flange:flange,,89,1.0,0.4166666666666667,0.2,2,29,22,-0.22499999999999998,0.681,3.0,0.0008999999999999975,-0.24,-0.21,0.666,0.696,761.139150011586,-21.094967228127643,3340121.0563853798,-1973.3966617782912,26123.762142409883,-9876.648649411898
6918,0,flange:flange,,89,1.0,0.4166666666666667,0.2,3,29,22,-0.195,0.681,3.0,0.0008999999999999975,-0.21,-0.18,0.666,0.696,1228.4847615577746,-931.8889657241525,3281409.342912601,-1752.6206794381142,36367.01873949419,-24486.490175488096
6919,0,flange:flange,,89,1.0,0.4166666666666667,0.2,4,29,22,-0.16499999999999998,0.681,3.0,0.0008999999999999975,-0.18,-0.15,0.666,0.696,2956.5185948752332,-2731.6422105786623,3223472.161056863,-661.9615971545379,42899.820005347334,-41620.012273068234
6920,0,flange:flange,,89,1.0,0.4166666666666667,0.2,5,29,22,-0.135,0.681,3.0,0.0008999999999999975,-0.15,-0.12,0.666,0.696,7614.468987292494,-4398.11878876749,3166775.071507742,1891.5189315378666,51013.554101102054,-60746.665097412966
6921,0,flange:flange,,89,1.0,0.4166666666666667,0.2,6,29,22,-0.105,0.681,3.0,0.0008999999999999975,-0.12,-0.09,0.666,0.696,14235.14916270366,17049.68237955752,3115535.3424734627,-4208.998138854901,69897.03077043097,-82258.9780711631
6922,0,flange:flange,,89,1.0,0.4166666666666667,0.2,7,29,22,-0.075,0.681,3.0,0.0008999999999999975,-0.09,-0.06,0.666,0.696,-6186.297019523336,75564.92650255363,3066359.2542346735,-5843.767705857754,105117.98678110044,-91354.06474047652
6923,0,flange:flange,,89,1.0,0.4166666666666667,0.2,8,29,22,-0.045,0.681,3.0,0.0008999999999999975,-0.06,-0.03,0.666,0.696,-30682.120280758245,140217.66375522246,3017065.509300348,11949.901561886072,151674.27473574877,-76625.6742749115
6924,0,flange:flange,,89,1.0,0.4166666666666667,0.2,9,29,22,-0.015,0.681,3.0,0.0008999999999999975,-0.03,0.0,0.666,0.696,-40354.3657364758,166922.48701936897,2961886.339489197,27410.05535731713,197599.7580371052,-29914.464549956225
6925,0,flange:flange,,89,1.0,0.4166666666666667,0.2,10,29,22,0.015,0.681,3.0,0.0008999999999999975,0.0,0.03,0.666,0.696,-42013.855127437506,148008.65793931624,2897266.5553001068,25647.074023236833,225856.43285012495,46988.22849237671
6926,0,flange:flange,,89,1.0,0.4166666666666667,0.2,11,29,22,0.045,0.681,3.0,0.0008999999999999975,0.03,0.06,0.666,0.696,-35299.62594147143,96874.87636995199,2825758.66010959,18719.768817921482,211894.9183891217,143034.92586327097
6927,0,flange:flange,,89,1.0,0.4166666666666667,0.2,12,29,22,0.074,0.681,3.0,0.0008399999999999975,0.06,0.088,0.666,0.696,-20890.210625999025,40796.75610708911,2755071.1075954223,6995.551073253155,161526.08404306075,203240.8094856888
6928,0,flange:flange,,89,1.0,0.4166666666666667,0.2,13,29,22,0.10200000000000001,0.681,3.0,0.000839999999999998,0.088,0.116,0.666,0.696,-18583.035245235544,6562.534217441338,2687246.0285026995,-3957.853762358427,102246.77321647605,224951.17267454666
6929,0,flange:flange,,89,1.0,0.4166666666666667,0.2,14,29,22,0.13,0.681,3.0,0.000839999999999998,0.116,0.14400000000000002,0.666,0.696,-19791.106951694004,-2855.6890235446626,2623099.694066851,-4770.90109333396,61230.79635001719,203674.92535398653
6930,0,flange:flange,,89,1.0,0.4166666666666667,0.2,15,29,22,0.15800000000000003,0.681,3.0,0.0008399999999999975,0.14400000000000002,0.17200000000000001,0.666,0.696,-20088.439029525383,-2308.5221983697265,2561070.4813973275,-2330.2281835178537,45599.80170922975,184888.68863554051
6931,0,flange:flange,,89,1.0,0.4166666666666667,0.2,16,29,22,0.186,0.681,3.0,0.0008399999999999975,0.17200000000000001,0.2,0.666,0.696,-18269.165774275432,-583.5010028029792,2500047.7571000825,-1283.25399701794,38221.955388511225,168548.0244601518
6932,0,flange:flange,,89,1.0,0.4166666666666667,0.2,17,29,22,0.2138888888888889,0.681,3.0,0.0008333333333333313,0.2,0.2277777777777778,0.666,0.696,-15594.241139216,271.9269990446046,2439671.845943017,-956.6962124407291,34575.57464886457,153720.69904389483
6933,0,flange:flange,,89,1.0,0.4166666666666667,0.2,18,29,22,0.24166666666666667,0.681,3.0,0.0008333333333333297,0.2277777777777778,0.25555555555555554,0.666,0.696,-12821.789431371028,536.7231477817986,2379858.423852879,-982.4288826684158,32707.751989911,139724.65488754213
6934,0,flange:flange,,89,1.0,0.4166666666666667,0.2,19,29,22,0.26944444444444443,0.681,3.0,0.0008333333333333313,0.25555555555555554,0.2833333333333333,0.666,0.696,-10234.425417228136,564.5819786253851,2320375.3888956457,-1100.898262312015,31875.36355825762,126113.65240272135
6935,0,flange:flange,,89,1.0,0.4166666666666667,0.2,20,29,22,0.2972222222222222,0.681,3.0,0.0008333333333333313,0.2833333333333333,0.3111111111111111,0.666,0.696,-7884.894022448978,557.6226954618469,2261244.1574050817,-1221.9974031051001,32006.921756851178,112603.94222520292
6936,0,flange:flange,,89,1.0,0.4166666666666667,0.2,21,29,22,0.325,0.681,3.0,0.0008333333333333313,0.3111111111111111,0.3388888888888889,0.666,0.696,-5771.091007790936,586.2557520200498,2202464.293070303,-1317.3099089662235,33623.14825296402,98845.21817314129
6937,0,flange:flange,,89,1.0,0.4166666666666667,0.2,22,29,22,0.3527777777777778,0.681,3.0,0.0008333333333333313,0.3388888888888889,0.3666666666666667,0.666,0.696,-3897.3506728165084,694.186662921973,2144018.509223246,-1367.5049876173339,38153.94582080345,84206.47772581628
6938,0,flange:flange,,89,1.0,0.4166666666666667,0.2,23,29,22,0.38055555555555554,0.681,3.0,0.0008333333333333297,0.3666666666666667,0.39444444444444443,0.666,0.696,-2297.530914139352,948.4792500321637,2085868.0490839316,-1336.3880962133408,48814.051526896656,67390.040997987
6939,0,flange:flange,,89,1.0,0.4166666666666667,0.2,24,29,22,0.4083333333333333,0.681,3.0,0.0008333333333333313,0.39444444444444443,0.4222222222222222,0.666,0.696,-1028.6990438297507,1480.4019371524919,2027938.9248191977,-1173.035960594813,72634.65691367786,45568.02202516546
6940,0,flange:flange,,89,1.0,0.4166666666666667,0.2,25,29,22,0.4361111111111111,0.681,3.0,0.0008333333333333313,0.4222222222222222,0.45,0.666,0.696,-195.65340943005867,2798.1800396058243,1970164.302432413,-634.282951404651,121819.86418686807,15964.467173479497
6941,0,flange:flange,,89,1.0,0.4166666666666667,0.2,0,30,22,-0.28500000000000003,0.711,3.0,0.0009,-0.3,-0.27,0.696,0.726,-202.4298328780569,-1206.625994282309,3729417.7554335943,-977.3515397806963,-40496.506407645844,-19514.438455502193
6942,0,flange:flange,,89,1.0,0.4166666666666667,0.2,1,30,22,-0.255,0.711,3.0,0.0009000000000000016,-0.27,-0.24,0.696,0.726,-1267.22114522825,-237.8054566141218,3668808.390191512,-2164.385287413995,7278.546041933199,-55234.75708899399
6943,0,flange:flange,,89,1.0,0.4166666666666667,0.2,2,30,22,-0.22499999999999998,0.711,3.0,0.0009000000000000007,-0.24,-0.21,0.696,0.726,-2880.3740036920644,12.138831845368259,3609811.8062549834,-2874.2005085448427,29360.257996954024,-82183.09609524906
6944,0,flange:flange,,89,1.0,0.4166666666666667,0.2,3,30,22,-0.195,0.711,3.0,0.0009000000000000007,-0.21,-0.18,0.696,0.726,-4504.276393192355,-831.5487460666336,3551809.862435212,-3737.2249008715153,39602.18108770748,-103588.91558405012
6945,0,flange:flange,,89,1.0,0.4166666666666667,0.2,4,30,22,-0.16499999999999998,0.711,3.0,0.0009000000000000007,-0.18,-0.15,0.696,0.726,-4999.406097295228,-2902.959402936045,3494618.0041852347,-5199.161334435145,46054.78885065764,-121941.71655829996
6946,0,flange:flange,,89,1.0,0.4166666666666667,0.2,5,30,22,-0.135,0.711,3.0,0.0009000000000000007,-0.15,-0.12,0.696,0.726,-2590.9572183608543,-2955.7658971865894,3438983.704237731,-8304.75793729226,53787.17139107486,-137435.2388089647
6947,0,flange:flange,,89,1.0,0.4166666666666667,0.2,6,30,22,-0.105,0.711,3.0,0.0009000000000000007,-0.12,-0.09,0.696,0.726,-373.09476902894676,13654.41051452537,3386935.122885274,-2747.6512285570307,66501.3692138965,-147096.5171370407
6948,0,flange:flange,,89,1.0,0.4166666666666667,0.2,7,30,22,-0.075,0.711,3.0,0.0009000000000000007,-0.09,-0.06,0.696,0.726,-8016.55346881377,63270.60298300255,3339421.917680634,15268.11108916998,85542.87681703767,-145593.00254657865
6949,0,flange:flange,,89,1.0,0.4166666666666667,0.2,8,30,22,-0.045,0.711,3.0,0.0009000000000000007,-0.06,-0.03,0.696,0.726,-25977.838348421268,127782.0450308196,3292233.91080877,26985.48555314541,108602.06059198827,-126656.39134117714
6950,0,flange:flange,,89,1.0,0.4166666666666667,0.2,9,30,22,-0.015,0.711,3.0,0.0009000000000000007,-0.03,0.0,0.696,0.726,-29042.20921874442,167027.57090771792,3241847.0155901047,26470.10258058707,129571.85732491314,-87877.76287645102
6951,0,flange:flange,,89,1.0,0.4166666666666667,0.2,10,30,22,0.015,0.711,3.0,0.0009000000000000007,0.0,0.03,0.696,0.726,-21927.10969843995,159138.4229252385,3182525.257866192,17787.546744147938,139507.71873286617,-32897.79903272788
6952,0,flange:flange,,89,1.0,0.4166666666666667,0.2,11,30,22,0.045,0.711,3.0,0.0009000000000000007,0.03,0.06,0.696,0.726,-9463.168955629226,110042.61324528826,3114315.984933757,1371.1841267347336,132324.65337673825,24831.836580845218
6953,0,flange:flange,,89,1.0,0.4166666666666667,0.2,12,30,22,0.074,0.711,3.0,0.0008400000000000007,0.06,0.088,0.696,0.726,8900.686586720753,48369.4600322824,3045323.1297279065,-6270.238859107098,110703.59477267912,69036.21655100337
6954,0,flange:flange,,89,1.0,0.4166666666666667,0.2,13,30,22,0.10200000000000001,0.711,3.0,0.0008400000000000011,0.088,0.116,0.696,0.726,13965.03901282954,7610.1580539844,2978846.879236251,-1263.3500352998576,84480.55331888299,90132.98018244407
6955,0,flange:flange,,89,1.0,0.4166666666666667,0.2,14,30,22,0.13,0.711,3.0,0.0008400000000000011,0.116,0.14400000000000002,0.696,0.726,7245.977663418627,-3788.5872740586055,2915274.1762066465,1405.0762458145618,62543.37151518713,93719.58287090063
6956,0,flange:flange,,89,1.0,0.4166666666666667,0.2,15,30,22,0.15800000000000003,0.711,3.0,0.0008400000000000007,0.14400000000000002,0.17200000000000001,0.696,0.726,3749.067568158149,-2161.24981246877,2854750.9320093193,-438.15933153033257,48693.657955912255,85857.93281314275
6957,0,flange:flange,,89,1.0,0.4166666666666667,0.2,16,30,22,0.186,0.711,3.0,0.0008400000000000007,0.17200000000000001,0.2,0.696,0.726,2735.957384531852,-562.5835132845677,2794821.791641166,-1501.7974703013897,41700.527594834566,74525.69384356341
6958,0,flange:flange,,89,1.0,0.4166666666666667,0.2,17,30,22,0.2138888888888889,0.711,3.0,0.0008333333333333345,0.2,0.2277777777777778,0.696,0.726,2742.7347051249817,333.6777449048823,2735477.23506598,-1980.1832774281502,38114.76233591636,61981.96365368863
6959,0,flange:flange,,89,1.0,0.4166666666666667,0.2,18,30,22,0.24166666666666667,0.711,3.0,0.0008333333333333327,0.2277777777777778,0.25555555555555554,0.696,0.726,2905.4196224051993,584.9212741046213,2676628.6267726123,-2149.524424870809,36266.88177061578,49091.48041983446
6960,0,flange:flange,,89,1.0,0.4166666666666667,0.2,19,30,22,0.26944444444444443,0.711,3.0,0.0008333333333333345,0.25555555555555554,0.2833333333333333,0.696,0.726,2931.589261479792,616.917954397737,2618089.151331956,-2239.5024602115154,35447.02346984297,36218.53167232126
6961,0,flange:flange,,89,1.0,0.4166666666666667,0.2,20,30,22,0.2972222222222222,0.711,3.0,0.0008333333333333345,0.2833333333333333,0.3111111111111111,0.696,0.726,2761.0044688131893,608.8766477651661,2559877.682815451,-2313.8777999579906,35589.74872139593,23650.984251822036
6962,0,flange:flange,,89,1.0,0.4166666666666667,0.2,21,30,22,0.325,0.711,3.0,0.0008333333333333345,0.3111111111111111,0.3388888888888889,0.696,0.726,2411.3720611939207,636.8903723319527,2501980.54639683,-2368.918912112713,37216.31399359554,11739.481819694241
6963,0,flange:flange,,89,1.0,0.4166666666666667,0.2,22,30,22,0.3527777777777778,0.711,3.0,0.0008333333333333345,0.3388888888888889,0.3666666666666667,0.696,0.726,1920.3938450417481,741.8825305750361,2444338.8825504235,-2366.12643395861,41756.147685709104,1114.349245193104
6964,0,flange:flange,,89,1.0,0.4166666666666667,0.2,23,30,22,0.38055555555555554,0.711,3.0,0.0008333333333333327,0.3666666666666667,0.39444444444444443,0.696,0.726,1344.9957386549795,1003.6688348548487,2386822.9384772563,-2231.6155359645686,52422.604397051036,-6928.665616003176
6965,0,flange:flange,,89,1.0,0.4166666666666667,0.2,24,30,22,0.4083333333333333,0.711,3.0,0.0008333333333333345,0.39444444444444443,0.4222222222222222,0.696,0.726,757.0607634593616,1627.0510722904583,2329154.5383668276,-1842.2101071476936,76244.82509166002,-9566.14416345954
6966,0,flange:flange,,89,1.0,0.4166666666666667,0.2,25,30,22,0.4361111111111111,0.711,3.0,0.0008333333333333345,0.4222222222222222,0.45,0.696,0.726,267.21703898586566,2709.694060873764,2270802.6210346236,-880.9017951289813,125432.97907300293,-4040.177022541563
6967,0,flange:flange,,89,1.0,0.4166666666666667,0.2,0,31,22,-0.28500000000000003,0.741,3.0,0.0009,-0.3,-0.27,0.726,0.756,-499.39534037245903,-158.7647635632893,3997439.773003898,-850.4025792578857,6108.708087851604,-51920.41247329365
6968,0,flange:flange,,89,1.0,0.4166666666666667,0.2,1,31,22,-0.255,0.741,3.0,0.0009000000000000016,-0.27,-0.24,0.726,0.756,-2612.8575127735967,340.8754125322448,3937327.217256708,-2043.5192782680194,32407.95137234032,-119669.04098973921
6969,0,flange:flange,,89,1.0,0.4166666666666667,0.2,2,31,22,-0.22499999999999998,0.741,3.0,0.0009000000000000007,-0.24,-0.21,0.726,0.756,-6054.155467777513,483.1875194320455,3879277.5794399115,-2748.6989529927573,40844.074560565256,-158660.99530832222
6970,0,flange:flange,,89,1.0,0.4166666666666667,0.2,3,31,22,-0.195,0.741,3.0,0.0009000000000000007,-0.21,-0.18,0.726,0.756,-10604.76748306083,210.6279771424597,3822216.8740894725,-3614.1569730142755,44697.48165177803,-184976.2575986733
6971,0,flange:flange,,89,1.0,0.4166666666666667,0.2,4,31,22,-0.16499999999999998,0.741,3.0,0.0009000000000000007,-0.18,-0.15,0.726,0.756,-17035.52815245441,-549.4409550414421,3765541.912321324,-5581.441312183937,46961.791368636,-204341.93349391222
6972,0,flange:flange,,89,1.0,0.4166666666666667,0.2,5,31,22,-0.135,0.741,3.0,0.0009000000000000007,-0.15,-0.12,0.726,0.756,-26906.41039136995,259.1735732164234,3709060.7212059116,-8264.679724276066,49498.86212270707,-217790.8354576677
6973,0,flange:flange,,89,1.0,0.4166666666666667,0.2,6,31,22,-0.105,0.741,3.0,0.0009000000000000007,-0.12,-0.09,0.726,0.756,-37539.58600193041,-737.895533216768,3652336.3164290125,-9037.95803770423,53509.43917603543,-223410.02261079848
6974,0,flange:flange,,89,1.0,0.4166666666666667,0.2,7,31,22,-0.075,0.741,3.0,0.0009000000000000007,-0.09,-0.06,0.726,0.756,-31547.266534819268,41980.71132751403,3607565.317694007,16054.820433855057,59252.608840862915,-217786.299851574
6975,0,flange:flange,,89,1.0,0.4166666666666667,0.2,8,31,22,-0.045,0.741,3.0,0.0009000000000000007,-0.06,-0.03,0.726,0.756,-4336.118883244111,131878.1889202427,3575885.8727910784,22129.489049265783,65871.13020355503,-198136.6273247699
6976,0,flange:flange,,89,1.0,0.4166666666666667,0.2,9,31,22,-0.015,0.741,3.0,0.0009000000000000007,-0.03,0.0,0.726,0.756,19929.168774330523,171730.08455899253,3532528.798660934,6591.684483786425,71550.84347767135,-164175.57195201516
6977,0,flange:flange,,89,1.0,0.4166666666666667,0.2,10,31,22,0.015,0.741,3.0,0.0009000000000000007,0.0,0.03,0.726,0.756,36242.58625774551,170023.86185041547,3477793.560910705,10602.875540753206,73779.34159691136,-120178.08037822446
6978,0,flange:flange,,89,1.0,0.4166666666666667,0.2,11,31,22,0.045,0.741,3.0,0.0009000000000000007,0.03,0.06,0.726,0.756,38898.36405253876,128676.8560517726,3410755.510072195,-10954.010451734066,71050.81356314322,-74768.8613201057
6979,0,flange:flange,,89,1.0,0.4166666666666667,0.2,12,31,22,0.074,0.741,3.0,0.0008400000000000007,0.06,0.088,0.726,0.756,25276.60890530597,39684.803936417564,3331483.1984491814,-14683.566037863493,64476.14296235144,-38656.44198601445
6980,0,flange:flange,,89,1.0,0.4166666666666667,0.2,13,31,22,0.10200000000000001,0.741,3.0,0.0008400000000000011,0.088,0.116,0.726,0.756,19059.430172480876,-1979.1962996992515,3264122.5635198997,5118.379852424066,56358.47981363535,-16636.003452291094
6981,0,flange:flange,,89,1.0,0.4166666666666667,0.2,14,31,22,0.13,0.741,3.0,0.0008400000000000011,0.116,0.14400000000000002,0.726,0.756,22699.42049601639,-139.59373440372292,3206824.4719846137,2896.043038616578,48997.56522440662,-8195.887011227509
6982,0,flange:flange,,89,1.0,0.4166666666666667,0.2,15,31,22,0.15800000000000003,0.741,3.0,0.0008400000000000007,0.14400000000000002,0.17200000000000001,0.726,0.756,24239.995721288957,-506.0678069208516,3148446.8417536053,331.74768308798474,43766.92559495568,-10079.150132102272
6983,0,flange:flange,,89,1.0,0.4166666666666667,0.2,16,31,22,0.186,0.741,3.0,0.0008400000000000007,0.17200000000000001,0.2,0.726,0.756,23382.522972217994,277.8185324786464,3089896.64282269,-1080.489018658797,40538.654559006296,-18195.924620392423
6984,0,flange:flange,,89,1.0,0.4166666666666667,0.2,17,31,22,0.2138888888888889,0.741,3.0,0.0008333333333333345,0.2,0.2277777777777778,0.726,0.756,21329.59338617837,503.9615035804454,3031483.2322892053,-1599.1276452938716,38665.72725842397,-29222.50584912797
6985,0,flange:flange,,89,1.0,0.4166666666666667,0.2,18,31,22,0.24166666666666667,0.741,3.0,0.0008333333333333327,0.2277777777777778,0.25555555555555554,0.726,0.756,18845.412372119026,586.9545631774236,2973530.022545275,-1782.8304748237133,37499.37530352424,-41391.84267794093
6986,0,flange:flange,,89,1.0,0.4166666666666667,0.2,19,31,22,0.26944444444444443,0.741,3.0,0.0008333333333333345,0.25555555555555554,0.2833333333333333,0.726,0.756,16191.889164661057,585.1388359712437,2915900.1692504766,-1884.4701705376308,36759.33215151231,-53799.402985336885
6987,0,flange:flange,,89,1.0,0.4166666666666667,0.2,20,31,22,0.2972222222222222,0.741,3.0,0.0008333333333333345,0.2833333333333333,0.3111111111111111,0.726,0.756,13430.643562560901,577.2010608122218,2858618.215254264,-1978.7988721330962,36420.05133267492,-65758.78116214028
6988,0,flange:flange,,89,1.0,0.4166666666666667,0.2,21,31,22,0.325,0.741,3.0,0.0008333333333333345,0.3111111111111111,0.3388888888888889,0.726,0.756,10576.926135340123,583.1595119027188,2801655.2197879306,-2062.0350869496665,36697.547070396446,-76424.76254692923
6989,0,flange:flange,,89,1.0,0.4166666666666667,0.2,22,31,22,0.3527777777777778,0.741,3.0,0.0008333333333333345,0.3388888888888889,0.3666666666666667,0.726,0.756,7671.552334262407,619.442578314105,2744937.242621937,-2100.2011022965116,38183.23912979414,-84275.37550340097
6990,0,flange:flange,,89,1.0,0.4166666666666667,0.2,23,31,22,0.38055555555555554,0.741,3.0,0.0008333333333333327,0.3666666666666667,0.39444444444444443,0.726,0.756,4823.454345253762,721.7862317836843,2688311.213568201,-2024.3606226146221,42210.14309491962,-86177.37846273929
6991,0,flange:flange,,89,1.0,0.4166666666666667,0.2,24,31,22,0.4083333333333333,0.741,3.0,0.0008333333333333345,0.39444444444444443,0.4222222222222222,0.726,0.756,2284.185440118308,986.1869706959696,2631466.119236102,-1665.432276328405,51526.96522126596,-75491.23558626822
6992,0,flange:flange,,89,1.0,0.4166666666666667,0.2,25,31,22,0.4361111111111111,0.741,3.0,0.0008333333333333345,0.4222222222222222,0.45,0.726,0.756,615.3737848190358,1532.3278845786117,2573504.0313990912,-720.6603189309438,79121.41125172377,-36617.63864502311
